x-axis,1,2
second,Volt,Volt
-25.04000E-03,+646.30652E-03,-382.38693E-03
-25.01500E-03,+626.20602E-03,-374.84924E-03
-24.99000E-03,+646.30652E-03,-374.84924E-03
-24.96500E-03,+648.81909E-03,-374.84924E-03
-24.94000E-03,+648.81909E-03,-366.80904E-03
-24.91500E-03,+668.91959E-03,-370.32663E-03
-24.89000E-03,+648.81909E-03,-350.72864E-03
-24.86500E-03,+628.71858E-03,-358.76884E-03
-24.84000E-03,+648.81909E-03,-358.76884E-03
-24.81500E-03,+689.02009E-03,-358.76884E-03
-24.79000E-03,+689.02009E-03,-350.72864E-03
-24.76500E-03,+746.80903E-03,-346.70854E-03
-24.74000E-03,+729.22109E-03,-342.68844E-03
-24.71500E-03,+749.32160E-03,-342.68844E-03
-24.69000E-03,+769.42210E-03,-334.64824E-03
-24.66500E-03,+769.42210E-03,-338.16583E-03
-24.64000E-03,+809.62310E-03,-334.64824E-03
-24.61500E-03,+771.93466E-03,-334.64824E-03
-24.59000E-03,+807.11054E-03,-326.60804E-03
-24.56500E-03,+827.21104E-03,-322.08542E-03
-24.54000E-03,+771.93466E-03,-326.10552E-03
-24.51500E-03,+827.21104E-03,-318.56784E-03
-24.49000E-03,+849.82411E-03,-318.56784E-03
-24.46500E-03,+809.62310E-03,-314.04522E-03
-24.44000E-03,+849.82411E-03,-302.48743E-03
-24.41500E-03,+867.41205E-03,-310.52763E-03
-24.39000E-03,+890.02511E-03,-310.52763E-03
-24.36500E-03,+867.41205E-03,-302.48743E-03
-24.34000E-03,+925.20099E-03,-294.44723E-03
-24.31500E-03,+910.12562E-03,-294.44723E-03
-24.29000E-03,+890.02511E-03,-294.44723E-03
-24.26500E-03,+907.61305E-03,-294.44723E-03
-24.24000E-03,+930.22612E-03,-286.40703E-03
-24.21500E-03,+930.22612E-03,-282.38693E-03
-24.19000E-03,+930.22612E-03,-286.40703E-03
-24.16500E-03,+947.81406E-03,-278.36683E-03
-24.14000E-03,+930.22612E-03,-278.36683E-03
-24.11500E-03,+947.81406E-03,-273.84422E-03
-24.09000E-03,+967.91456E-03,-270.32663E-03
-24.06500E-03,+970.42712E-03,-270.32663E-03
-24.04000E-03,+970.42712E-03,-262.28643E-03
-24.01500E-03,+988.01506E-03,-257.76382E-03
-23.99000E-03,+1.00811556E+00,-262.28643E-03
-23.96500E-03,+1.01062813E+00,-262.28643E-03
-23.94000E-03,+1.01062813E+00,-254.24623E-03
-23.91500E-03,+1.03072863E+00,-254.24623E-03
-23.89000E-03,+1.05082913E+00,-246.20603E-03
-23.86500E-03,+1.02821607E+00,-246.20603E-03
-23.84000E-03,+1.04831657E+00,-246.20603E-03
-23.81500E-03,+1.05082913E+00,-246.20603E-03
-23.79000E-03,+1.09103014E+00,-237.66331E-03
-23.76500E-03,+1.07092963E+00,-242.18593E-03
-23.74000E-03,+1.05082913E+00,-230.12563E-03
-23.71500E-03,+1.09103014E+00,-233.64321E-03
-23.69000E-03,+1.09103014E+00,-230.12563E-03
-23.66500E-03,+1.09103014E+00,-225.60301E-03
-23.64000E-03,+1.12871858E+00,-214.04522E-03
-23.61500E-03,+1.10861808E+00,-217.56281E-03
-23.59000E-03,+1.13123114E+00,-214.04522E-03
-23.56500E-03,+1.13123114E+00,-214.04522E-03
-23.54000E-03,+1.12871858E+00,-214.04522E-03
-23.51500E-03,+1.13123114E+00,-206.00502E-03
-23.49000E-03,+1.17143214E+00,-206.00502E-03
-23.46500E-03,+1.15133164E+00,-206.00502E-03
-23.44000E-03,+1.16891958E+00,-205.50251E-03
-23.41500E-03,+1.17143214E+00,-197.96482E-03
-23.39000E-03,+1.17143214E+00,-189.92462E-03
-23.36500E-03,+1.17143214E+00,-185.40201E-03
-23.34000E-03,+1.17143214E+00,-181.88442E-03
-23.31500E-03,+1.21163315E+00,-189.92462E-03
-23.29000E-03,+1.21163315E+00,-189.42211E-03
-23.26500E-03,+1.17143214E+00,-185.90452E-03
-23.24000E-03,+1.17143214E+00,-173.84422E-03
-23.21500E-03,+1.22922109E+00,-177.86432E-03
-23.19000E-03,+1.21163315E+00,-173.84422E-03
-23.16500E-03,+1.21163315E+00,-169.82412E-03
-23.14000E-03,+1.21163315E+00,-165.80402E-03
-23.11500E-03,+1.22922109E+00,-165.80402E-03
-23.09000E-03,+1.25183415E+00,-157.76382E-03
-23.06500E-03,+1.21163315E+00,-165.80402E-03
-23.04000E-03,+1.21163315E+00,-157.76382E-03
-23.01500E-03,+1.25183415E+00,-157.76382E-03
-22.99000E-03,+1.21163315E+00,-149.72362E-03
-22.96500E-03,+1.25183415E+00,-149.72362E-03
-22.94000E-03,+1.25183415E+00,-149.72362E-03
-22.91500E-03,+1.25183415E+00,-141.68342E-03
-22.89000E-03,+1.25183415E+00,-141.68342E-03
-22.86500E-03,+1.25183415E+00,-137.66332E-03
-22.84000E-03,+1.25183415E+00,-133.64321E-03
-22.81500E-03,+1.25183415E+00,-133.64321E-03
-22.79000E-03,+1.25183415E+00,-133.64321E-03
-22.76500E-03,+1.27193466E+00,-133.64321E-03
-22.74000E-03,+1.29203516E+00,-125.60301E-03
-22.71500E-03,+1.31213566E+00,-125.60301E-03
-22.69000E-03,+1.25434672E+00,-125.60301E-03
-22.66500E-03,+1.29203516E+00,-117.56281E-03
-22.64000E-03,+1.29203516E+00,-125.10050E-03
-22.61500E-03,+1.29203516E+00,-117.56281E-03
-22.59000E-03,+1.32972360E+00,-109.52261E-03
-22.56500E-03,+1.29203516E+00,-109.52261E-03
-22.54000E-03,+1.33223616E+00,-101.48241E-03
-22.51500E-03,+1.34982410E+00,-105.00000E-03
-22.49000E-03,+1.29203516E+00,-101.48241E-03
-22.46500E-03,+1.33223616E+00,-101.48241E-03
-22.44000E-03,+1.29203516E+00,-100.97990E-03
-22.41500E-03,+1.33223616E+00,-93.44221E-03
-22.39000E-03,+1.36992461E+00,-93.44221E-03
-22.36500E-03,+1.34982410E+00,-88.91960E-03
-22.34000E-03,+1.32972360E+00,-93.44221E-03
-22.31500E-03,+1.33223616E+00,-81.38191E-03
-22.29000E-03,+1.33223616E+00,-77.36181E-03
-22.26500E-03,+1.33223616E+00,-85.40201E-03
-22.24000E-03,+1.33223616E+00,-77.36181E-03
-22.21500E-03,+1.35233667E+00,-73.34171E-03
-22.19000E-03,+1.33223616E+00,-69.32161E-03
-22.16500E-03,+1.34982410E+00,-69.32161E-03
-22.14000E-03,+1.37243717E+00,-69.32161E-03
-22.11500E-03,+1.35233667E+00,-64.79899E-03
-22.09000E-03,+1.33223616E+00,-61.28141E-03
-22.06500E-03,+1.39002511E+00,-61.28141E-03
-22.04000E-03,+1.36992461E+00,-61.28141E-03
-22.01500E-03,+1.35233667E+00,-57.26131E-03
-21.99000E-03,+1.37243717E+00,-60.77889E-03
-21.96500E-03,+1.37243717E+00,-49.22110E-03
-21.94000E-03,+1.37243717E+00,-52.73869E-03
-21.91500E-03,+1.37243717E+00,-45.20100E-03
-21.89000E-03,+1.33474873E+00,-45.20100E-03
-21.86500E-03,+1.37243717E+00,-45.20100E-03
-21.84000E-03,+1.41012561E+00,-37.16080E-03
-21.81500E-03,+1.37243717E+00,-33.14070E-03
-21.79000E-03,+1.41263817E+00,-29.12060E-03
-21.76500E-03,+1.37243717E+00,-32.63819E-03
-21.74000E-03,+1.41263817E+00,-21.08040E-03
-21.71500E-03,+1.37243717E+00,-29.12060E-03
-21.69000E-03,+1.41263817E+00,-21.08040E-03
-21.66500E-03,+1.39002511E+00,-21.08040E-03
-21.64000E-03,+1.41012561E+00,-21.08040E-03
-21.61500E-03,+1.37243717E+00,-16.55779E-03
-21.59000E-03,+1.37243717E+00,-20.57789E-03
-21.56500E-03,+1.37243717E+00,-9.02010E-03
-21.54000E-03,+1.37243717E+00,-12.53769E-03
-21.51500E-03,+1.39253767E+00,-5.00000E-03
-21.49000E-03,+1.41263817E+00,-5.00000E-03
-21.46500E-03,+1.37494973E+00,-1.48241E-03
-21.44000E-03,+1.33474873E+00,+2.53769E-03
-21.41500E-03,+1.37243717E+00,+3.04020E-03
-21.39000E-03,+1.41012561E+00,+3.04020E-03
-21.36500E-03,+1.39002511E+00,+6.55779E-03
-21.34000E-03,+1.37243717E+00,+10.57789E-03
-21.31500E-03,+1.37243717E+00,+11.08040E-03
-21.29000E-03,+1.37243717E+00,+18.61809E-03
-21.26500E-03,+1.39002511E+00,+11.08040E-03
-21.24000E-03,+1.37243717E+00,+18.61809E-03
-21.21500E-03,+1.39002511E+00,+14.59799E-03
-21.19000E-03,+1.37243717E+00,+19.12060E-03
-21.16500E-03,+1.37243717E+00,+23.14070E-03
-21.14000E-03,+1.33223616E+00,+19.12060E-03
-21.11500E-03,+1.39002511E+00,+27.16080E-03
-21.09000E-03,+1.41012561E+00,+27.16080E-03
-21.06500E-03,+1.37243717E+00,+35.20100E-03
-21.04000E-03,+1.37243717E+00,+35.20100E-03
-21.01500E-03,+1.37243717E+00,+39.22111E-03
-20.99000E-03,+1.37243717E+00,+43.24121E-03
-20.96500E-03,+1.39253767E+00,+43.24121E-03
-20.94000E-03,+1.37243717E+00,+43.24121E-03
-20.91500E-03,+1.37243717E+00,+43.24121E-03
-20.89000E-03,+1.36992461E+00,+50.77889E-03
-20.86500E-03,+1.34982410E+00,+51.28141E-03
-20.84000E-03,+1.33223616E+00,+58.81909E-03
-20.81500E-03,+1.37243717E+00,+47.26131E-03
-20.79000E-03,+1.37243717E+00,+66.35678E-03
-20.76500E-03,+1.37243717E+00,+59.32161E-03
-20.74000E-03,+1.37243717E+00,+66.85930E-03
-20.71500E-03,+1.37243717E+00,+62.83920E-03
-20.69000E-03,+1.37243717E+00,+67.36181E-03
-20.66500E-03,+1.31213566E+00,+67.36181E-03
-20.64000E-03,+1.29454772E+00,+67.36181E-03
-20.61500E-03,+1.35233667E+00,+62.83920E-03
-20.59000E-03,+1.33223616E+00,+75.40201E-03
-20.56500E-03,+1.32721104E+00,+75.40201E-03
-20.54000E-03,+1.33223616E+00,+82.93970E-03
-20.51500E-03,+1.33223616E+00,+83.44221E-03
-20.49000E-03,+1.33223616E+00,+83.44221E-03
-20.46500E-03,+1.34982410E+00,+83.44221E-03
-20.44000E-03,+1.33223616E+00,+83.44221E-03
-20.41500E-03,+1.33223616E+00,+91.48241E-03
-20.39000E-03,+1.33223616E+00,+90.97990E-03
-20.36500E-03,+1.33223616E+00,+91.48241E-03
-20.34000E-03,+1.29203516E+00,+91.48241E-03
-20.31500E-03,+1.33223616E+00,+95.50251E-03
-20.29000E-03,+1.29203516E+00,+91.48241E-03
-20.26500E-03,+1.31213566E+00,+99.52261E-03
-20.24000E-03,+1.29454772E+00,+107.06030E-03
-20.21500E-03,+1.33223616E+00,+107.56281E-03
-20.19000E-03,+1.29203516E+00,+115.10050E-03
-20.16500E-03,+1.29203516E+00,+107.56281E-03
-20.14000E-03,+1.29203516E+00,+115.60301E-03
-20.11500E-03,+1.29454772E+00,+111.08040E-03
-20.09000E-03,+1.29203516E+00,+115.60301E-03
-20.06500E-03,+1.25183415E+00,+119.12060E-03
-20.04000E-03,+1.25183415E+00,+123.64321E-03
-20.01500E-03,+1.29203516E+00,+123.64321E-03
-19.99000E-03,+1.25183415E+00,+123.64321E-03
-19.96500E-03,+1.27193466E+00,+123.64321E-03
-19.94000E-03,+1.25183415E+00,+131.68342E-03
-19.91500E-03,+1.23173365E+00,+127.66332E-03
-19.89000E-03,+1.21163315E+00,+131.68342E-03
-19.86500E-03,+1.27193466E+00,+135.70352E-03
-19.84000E-03,+1.25183415E+00,+139.72362E-03
-19.81500E-03,+1.22922109E+00,+139.72362E-03
-19.79000E-03,+1.21163315E+00,+139.72362E-03
-19.76500E-03,+1.23173365E+00,+143.24120E-03
-19.74000E-03,+1.21163315E+00,+147.76382E-03
-19.71500E-03,+1.21163315E+00,+147.76382E-03
-19.69000E-03,+1.21163315E+00,+155.30151E-03
-19.66500E-03,+1.23173365E+00,+155.80402E-03
-19.64000E-03,+1.21163315E+00,+155.30151E-03
-19.61500E-03,+1.18902008E+00,+159.82412E-03
-19.59000E-03,+1.21163315E+00,+163.84422E-03
-19.56500E-03,+1.18902008E+00,+164.34673E-03
-19.54000E-03,+1.21163315E+00,+170.87940E-03
-19.51500E-03,+1.21163315E+00,+163.84422E-03
-19.49000E-03,+1.17143214E+00,+163.84422E-03
-19.46500E-03,+1.14881908E+00,+167.36181E-03
-19.44000E-03,+1.17143214E+00,+171.38191E-03
-19.41500E-03,+1.15133164E+00,+175.40201E-03
-19.39000E-03,+1.13123114E+00,+179.92462E-03
-19.36500E-03,+1.14881908E+00,+175.90452E-03
-19.34000E-03,+1.16891958E+00,+171.88442E-03
-19.31500E-03,+1.13123114E+00,+183.94472E-03
-19.29000E-03,+1.13123114E+00,+179.92462E-03
-19.26500E-03,+1.11113064E+00,+187.96482E-03
-19.24000E-03,+1.12871858E+00,+187.96482E-03
-19.21500E-03,+1.13123114E+00,+191.48241E-03
-19.19000E-03,+1.12871858E+00,+196.00502E-03
-19.16500E-03,+1.10861808E+00,+191.48241E-03
-19.14000E-03,+1.09103014E+00,+203.54271E-03
-19.11500E-03,+1.09103014E+00,+200.02512E-03
-19.09000E-03,+1.12871858E+00,+203.54271E-03
-19.06500E-03,+1.09103014E+00,+199.52261E-03
-19.04000E-03,+1.09103014E+00,+196.00502E-03
-19.01500E-03,+1.05082913E+00,+204.04522E-03
-18.99000E-03,+1.09103014E+00,+211.58291E-03
-18.96500E-03,+1.05082913E+00,+204.04522E-03
-18.94000E-03,+1.08851757E+00,+212.08542E-03
-18.91500E-03,+1.02821607E+00,+212.08542E-03
-18.89000E-03,+1.04831657E+00,+219.62311E-03
-18.86500E-03,+1.05082913E+00,+220.12563E-03
-18.84000E-03,+1.05082913E+00,+220.12563E-03
-18.81500E-03,+1.01062813E+00,+220.12563E-03
-18.79000E-03,+1.01062813E+00,+227.16080E-03
-18.76500E-03,+988.01506E-03,+220.12563E-03
-18.74000E-03,+1.00811556E+00,+228.16583E-03
-18.71500E-03,+1.01062813E+00,+232.18593E-03
-18.69000E-03,+1.00811556E+00,+228.16583E-03
-18.66500E-03,+988.01506E-03,+232.18593E-03
-18.64000E-03,+970.42712E-03,+228.16583E-03
-18.61500E-03,+970.42712E-03,+236.20603E-03
-18.59000E-03,+970.42712E-03,+236.20603E-03
-18.56500E-03,+930.22612E-03,+235.20100E-03
-18.54000E-03,+930.22612E-03,+236.20603E-03
-18.51500E-03,+947.81406E-03,+244.24623E-03
-18.49000E-03,+930.22612E-03,+244.24623E-03
-18.46500E-03,+910.12562E-03,+248.26633E-03
-18.44000E-03,+965.40200E-03,+244.24623E-03
-18.41500E-03,+907.61305E-03,+248.26633E-03
-18.39000E-03,+890.02511E-03,+252.28643E-03
-18.36500E-03,+890.02511E-03,+252.28643E-03
-18.34000E-03,+890.02511E-03,+252.28643E-03
-18.31500E-03,+890.02511E-03,+260.32663E-03
-18.29000E-03,+849.82411E-03,+267.86432E-03
-18.26500E-03,+867.41205E-03,+260.32663E-03
-18.24000E-03,+849.82411E-03,+260.32663E-03
-18.21500E-03,+849.82411E-03,+264.34673E-03
-18.19000E-03,+847.31155E-03,+275.90452E-03
-18.16500E-03,+829.72361E-03,+272.38693E-03
-18.14000E-03,+809.62310E-03,+276.40703E-03
-18.11500E-03,+809.62310E-03,+271.88442E-03
-18.09000E-03,+769.42210E-03,+268.36683E-03
-18.06500E-03,+789.52260E-03,+279.92462E-03
-18.04000E-03,+769.42210E-03,+283.94472E-03
-18.01500E-03,+769.42210E-03,+280.42713E-03
-17.99000E-03,+769.42210E-03,+276.40703E-03
-17.96500E-03,+769.42210E-03,+284.44723E-03
-17.94000E-03,+769.42210E-03,+284.44723E-03
-17.91500E-03,+729.22109E-03,+284.44723E-03
-17.89000E-03,+766.90954E-03,+284.44723E-03
-17.86500E-03,+729.22109E-03,+296.50753E-03
-17.84000E-03,+726.70853E-03,+300.02512E-03
-17.81500E-03,+689.02009E-03,+292.48743E-03
-17.79000E-03,+689.02009E-03,+300.52764E-03
-17.76500E-03,+689.02009E-03,+300.52764E-03
-17.74000E-03,+686.50753E-03,+300.52764E-03
-17.71500E-03,+626.20602E-03,+300.52764E-03
-17.69000E-03,+686.50753E-03,+308.06532E-03
-17.66500E-03,+668.91959E-03,+300.52764E-03
-17.64000E-03,+646.30652E-03,+308.56784E-03
-17.61500E-03,+608.61808E-03,+308.56784E-03
-17.59000E-03,+648.81909E-03,+308.56784E-03
-17.56500E-03,+608.61808E-03,+308.56784E-03
-17.54000E-03,+608.61808E-03,+308.56784E-03
-17.51500E-03,+586.00502E-03,+316.60804E-03
-17.49000E-03,+608.61808E-03,+316.60804E-03
-17.46500E-03,+588.51758E-03,+320.12562E-03
-17.44000E-03,+530.72863E-03,+324.14573E-03
-17.41500E-03,+563.39195E-03,+320.62814E-03
-17.39000E-03,+528.21607E-03,+316.60804E-03
-17.36500E-03,+528.21607E-03,+324.64824E-03
-17.34000E-03,+488.01507E-03,+324.64824E-03
-17.31500E-03,+528.21607E-03,+324.64824E-03
-17.29000E-03,+488.01507E-03,+316.60804E-03
-17.26500E-03,+488.01507E-03,+332.68844E-03
-17.24000E-03,+488.01507E-03,+332.68844E-03
-17.21500E-03,+488.01507E-03,+336.70854E-03
-17.19000E-03,+485.50250E-03,+332.68844E-03
-17.16500E-03,+447.81406E-03,+336.70854E-03
-17.14000E-03,+447.81406E-03,+340.72864E-03
-17.11500E-03,+447.81406E-03,+344.24623E-03
-17.09000E-03,+407.61306E-03,+340.72864E-03
-17.06500E-03,+407.61306E-03,+344.24623E-03
-17.04000E-03,+405.10049E-03,+348.76884E-03
-17.01500E-03,+407.61306E-03,+348.76884E-03
-16.99000E-03,+367.41205E-03,+348.76884E-03
-16.96500E-03,+344.79899E-03,+352.28643E-03
-16.94000E-03,+367.41205E-03,+363.84422E-03
-16.91500E-03,+367.41205E-03,+360.32663E-03
-16.89000E-03,+327.21105E-03,+356.80904E-03
-16.86500E-03,+327.21105E-03,+356.80904E-03
-16.84000E-03,+327.21105E-03,+356.80904E-03
-16.81500E-03,+327.21105E-03,+364.84924E-03
-16.79000E-03,+246.80904E-03,+372.38693E-03
-16.76500E-03,+307.11055E-03,+364.84924E-03
-16.74000E-03,+246.80904E-03,+372.38693E-03
-16.71500E-03,+264.39698E-03,+376.90954E-03
-16.69000E-03,+246.80904E-03,+372.38693E-03
-16.66500E-03,+226.70854E-03,+372.88944E-03
-16.64000E-03,+206.60803E-03,+380.42713E-03
-16.61500E-03,+224.19597E-03,+372.88944E-03
-16.59000E-03,+244.29648E-03,+380.92964E-03
-16.56500E-03,+206.60803E-03,+380.92964E-03
-16.54000E-03,+206.60803E-03,+380.92964E-03
-16.51500E-03,+166.40703E-03,+388.96985E-03
-16.49000E-03,+166.40703E-03,+380.92964E-03
-16.46500E-03,+143.79396E-03,+388.96985E-03
-16.44000E-03,+126.20603E-03,+388.46733E-03
-16.41500E-03,+126.20603E-03,+384.94974E-03
-16.39000E-03,+86.00502E-03,+397.01005E-03
-16.36500E-03,+106.10552E-03,+397.01005E-03
-16.34000E-03,+83.49246E-03,+397.01005E-03
-16.31500E-03,+65.90452E-03,+397.01005E-03
-16.29000E-03,+45.80402E-03,+397.01005E-03
-16.26500E-03,+48.31658E-03,+400.52763E-03
-16.24000E-03,+5.60301E-03,+404.54773E-03
-16.21500E-03,+5.60301E-03,+401.03015E-03
-16.19000E-03,+5.60301E-03,+405.05025E-03
-16.16500E-03,+5.60301E-03,+408.56783E-03
-16.14000E-03,+5.60301E-03,+405.05025E-03
-16.11500E-03,-17.01005E-03,+413.09045E-03
-16.09000E-03,-37.11056E-03,+420.62814E-03
-16.06500E-03,-74.79900E-03,+413.09045E-03
-16.04000E-03,-74.79900E-03,+413.09045E-03
-16.01500E-03,-74.79900E-03,+413.09045E-03
-15.99000E-03,-74.79900E-03,+413.09045E-03
-15.96500E-03,-74.79900E-03,+421.13065E-03
-15.94000E-03,-77.31156E-03,+421.13065E-03
-15.91500E-03,-115.00000E-03,+417.11055E-03
-15.89000E-03,-152.68844E-03,+429.17085E-03
-15.86500E-03,-132.58794E-03,+425.15075E-03
-15.84000E-03,-115.00000E-03,+421.13065E-03
-15.81500E-03,-175.30151E-03,+429.17085E-03
-15.79000E-03,-195.40201E-03,+436.20603E-03
-15.76500E-03,-215.50251E-03,+429.17085E-03
-15.74000E-03,-233.09045E-03,+437.21105E-03
-15.71500E-03,-195.40201E-03,+433.19095E-03
-15.69000E-03,-235.60302E-03,+437.21105E-03
-15.66500E-03,-253.19096E-03,+445.25125E-03
-15.64000E-03,-273.29146E-03,+437.21105E-03
-15.61500E-03,-253.19096E-03,+437.21105E-03
-15.59000E-03,-275.80402E-03,+445.25125E-03
-15.56500E-03,-295.90452E-03,+441.23115E-03
-15.54000E-03,-316.00503E-03,+437.71356E-03
-15.51500E-03,-333.59296E-03,+445.25125E-03
-15.49000E-03,-356.20603E-03,+453.29145E-03
-15.46500E-03,-376.30653E-03,+448.76884E-03
-15.44000E-03,-356.20603E-03,+460.82914E-03
-15.41500E-03,-356.20603E-03,+456.80904E-03
-15.39000E-03,-396.40703E-03,+453.29145E-03
-15.36500E-03,-396.40703E-03,+448.76884E-03
-15.34000E-03,-436.60804E-03,+445.25125E-03
-15.31500E-03,-436.60804E-03,+445.25125E-03
-15.29000E-03,-436.60804E-03,+444.74874E-03
-15.26500E-03,-454.19598E-03,+437.21105E-03
-15.24000E-03,-476.80904E-03,+429.17085E-03
-15.21500E-03,-476.80904E-03,+429.17085E-03
-15.19000E-03,-517.01005E-03,+421.13065E-03
-15.16500E-03,-517.01005E-03,+421.13065E-03
-15.14000E-03,-517.01005E-03,+428.66834E-03
-15.11500E-03,-517.01005E-03,+417.11055E-03
-15.09000E-03,-557.21105E-03,+421.13065E-03
-15.06500E-03,-557.21105E-03,+417.11055E-03
-15.04000E-03,-597.41206E-03,+405.05025E-03
-15.01500E-03,-574.79899E-03,+405.55276E-03
-14.99000E-03,-597.41206E-03,+405.05025E-03
-14.96500E-03,-615.00000E-03,+405.05025E-03
-14.94000E-03,-637.61306E-03,+397.01005E-03
-14.91500E-03,-637.61306E-03,+397.01005E-03
-14.89000E-03,-675.30150E-03,+397.01005E-03
-14.86500E-03,-655.20100E-03,+384.44723E-03
-14.84000E-03,-677.81407E-03,+388.96985E-03
-14.81500E-03,-677.81407E-03,+380.92964E-03
-14.79000E-03,-677.81407E-03,+388.46733E-03
-14.76500E-03,-697.91457E-03,+376.90954E-03
-14.74000E-03,-715.50251E-03,+380.42713E-03
-14.71500E-03,-738.11557E-03,+372.88944E-03
-14.69000E-03,-718.01507E-03,+364.84924E-03
-14.66500E-03,-738.11557E-03,+360.32663E-03
-14.64000E-03,-758.21608E-03,+364.84924E-03
-14.61500E-03,-775.80402E-03,+360.32663E-03
-14.59000E-03,-798.41708E-03,+364.34673E-03
-14.56500E-03,-838.61808E-03,+356.80904E-03
-14.54000E-03,-798.41708E-03,+356.80904E-03
-14.51500E-03,-818.51758E-03,+352.78894E-03
-14.49000E-03,-836.10552E-03,+348.26633E-03
-14.46500E-03,-838.61808E-03,+340.72864E-03
-14.44000E-03,-838.61808E-03,+340.72864E-03
-14.41500E-03,-858.71859E-03,+340.72864E-03
-14.39000E-03,-878.81909E-03,+324.64824E-03
-14.36500E-03,-878.81909E-03,+332.68844E-03
-14.34000E-03,-878.81909E-03,+324.64824E-03
-14.31500E-03,-878.81909E-03,+323.64321E-03
-14.29000E-03,-919.02009E-03,+324.14573E-03
-14.26500E-03,-936.60803E-03,+316.60804E-03
-14.24000E-03,-919.02009E-03,+316.60804E-03
-14.21500E-03,-919.02009E-03,+308.56784E-03
-14.19000E-03,-919.02009E-03,+308.56784E-03
-14.16500E-03,-959.22110E-03,+304.54774E-03
-14.14000E-03,-999.42210E-03,+308.06532E-03
-14.11500E-03,-999.42210E-03,+304.04522E-03
-14.09000E-03,-956.70854E-03,+300.52764E-03
-14.06500E-03,-999.42210E-03,+296.00502E-03
-14.04000E-03,-1.03711054E+00,+292.48743E-03
-14.01500E-03,-976.80904E-03,+292.48743E-03
-13.99000E-03,-1.03962311E+00,+292.48743E-03
-13.96500E-03,-1.01952261E+00,+280.42713E-03
-13.94000E-03,-1.03962311E+00,+283.94472E-03
-13.91500E-03,-1.05721105E+00,+279.92462E-03
-13.89000E-03,-1.03962311E+00,+283.94472E-03
-13.86500E-03,-1.05972361E+00,+271.88442E-03
-13.84000E-03,-1.07982411E+00,+275.90452E-03
-13.81500E-03,-1.07982411E+00,+263.84422E-03
-13.79000E-03,-1.07982411E+00,+260.32663E-03
-13.76500E-03,-1.09741205E+00,+264.34673E-03
-13.74000E-03,-1.12002512E+00,+260.32663E-03
-13.71500E-03,-1.11499999E+00,+259.32161E-03
-13.69000E-03,-1.07982411E+00,+252.28643E-03
-13.66500E-03,-1.09741205E+00,+244.24623E-03
-13.64000E-03,-1.12002512E+00,+252.28643E-03
-13.61500E-03,-1.14012562E+00,+244.24623E-03
-13.59000E-03,-1.12002512E+00,+236.70854E-03
-13.56500E-03,-1.16022612E+00,+244.24623E-03
-13.54000E-03,-1.16022612E+00,+236.20603E-03
-13.51500E-03,-1.16022612E+00,+231.68341E-03
-13.49000E-03,-1.19791456E+00,+228.16583E-03
-13.46500E-03,-1.17781406E+00,+228.16583E-03
-13.44000E-03,-1.20042713E+00,+228.16583E-03
-13.41500E-03,-1.20042713E+00,+224.14573E-03
-13.39000E-03,-1.20042713E+00,+212.58794E-03
-13.36500E-03,-1.20042713E+00,+224.14573E-03
-13.34000E-03,-1.24062813E+00,+212.08542E-03
-13.31500E-03,-1.22052763E+00,+212.08542E-03
-13.29000E-03,-1.23811557E+00,+212.08542E-03
-13.26500E-03,-1.26072863E+00,+207.56281E-03
-13.24000E-03,-1.24062813E+00,+204.04522E-03
-13.21500E-03,-1.21801507E+00,+204.04522E-03
-13.19000E-03,-1.24062813E+00,+196.00502E-03
-13.16500E-03,-1.25821607E+00,+196.00502E-03
-13.14000E-03,-1.24062813E+00,+187.96482E-03
-13.11500E-03,-1.28082914E+00,+196.00502E-03
-13.09000E-03,-1.28082914E+00,+187.96482E-03
-13.06500E-03,-1.26072863E+00,+183.94472E-03
-13.04000E-03,-1.28082914E+00,+179.92462E-03
-13.01500E-03,-1.32103014E+00,+179.92462E-03
-12.99000E-03,-1.32103014E+00,+171.88442E-03
-12.96500E-03,-1.29841707E+00,+175.90452E-03
-12.94000E-03,-1.32103014E+00,+171.38191E-03
-12.91500E-03,-1.32103014E+00,+167.86432E-03
-12.89000E-03,-1.28334170E+00,+171.88442E-03
-12.86500E-03,-1.34113064E+00,+159.32161E-03
-12.84000E-03,-1.32103014E+00,+163.84422E-03
-12.81500E-03,-1.36123114E+00,+163.84422E-03
-12.79000E-03,-1.36123114E+00,+163.34171E-03
-12.76500E-03,-1.36123114E+00,+155.80402E-03
-12.74000E-03,-1.32103014E+00,+147.76382E-03
-12.71500E-03,-1.36123114E+00,+147.76382E-03
-12.69000E-03,-1.36123114E+00,+147.76382E-03
-12.66500E-03,-1.36123114E+00,+147.76382E-03
-12.64000E-03,-1.39891959E+00,+139.72362E-03
-12.61500E-03,-1.38133165E+00,+139.72362E-03
-12.59000E-03,-1.36374371E+00,+139.22110E-03
-12.56500E-03,-1.37881908E+00,+139.72362E-03
-12.54000E-03,-1.40143215E+00,+131.68342E-03
-12.51500E-03,-1.40143215E+00,+123.64321E-03
-12.49000E-03,-1.40143215E+00,+131.18090E-03
-12.46500E-03,-1.40143215E+00,+123.64321E-03
-12.44000E-03,-1.40143215E+00,+123.64321E-03
-12.41500E-03,-1.41902009E+00,+123.64321E-03
-12.39000E-03,-1.39891959E+00,+115.60301E-03
-12.36500E-03,-1.41902009E+00,+111.08040E-03
-12.34000E-03,-1.40143215E+00,+107.56281E-03
-12.31500E-03,-1.40143215E+00,+111.58291E-03
-12.29000E-03,-1.44163315E+00,+107.56281E-03
-12.26500E-03,-1.40143215E+00,+99.52261E-03
-12.24000E-03,-1.40394471E+00,+99.52261E-03
-12.21500E-03,-1.41902009E+00,+99.52261E-03
-12.19000E-03,-1.44163315E+00,+99.52261E-03
-12.16500E-03,-1.42153265E+00,+95.50251E-03
-12.14000E-03,-1.44163315E+00,+91.48241E-03
-12.11500E-03,-1.44163315E+00,+86.95980E-03
-12.09000E-03,-1.44163315E+00,+91.48241E-03
-12.06500E-03,-1.43660803E+00,+83.44221E-03
-12.04000E-03,-1.44163315E+00,+75.40201E-03
-12.01500E-03,-1.44163315E+00,+83.44221E-03
-11.99000E-03,-1.44163315E+00,+75.40201E-03
-11.96500E-03,-1.46173366E+00,+71.38191E-03
-11.94000E-03,-1.44163315E+00,+75.40201E-03
-11.91500E-03,-1.46173366E+00,+70.87940E-03
-11.89000E-03,-1.44163315E+00,+67.36181E-03
-11.86500E-03,-1.45922109E+00,+67.36181E-03
-11.84000E-03,-1.48183416E+00,+59.32161E-03
-11.81500E-03,-1.48183416E+00,+54.79899E-03
-11.79000E-03,-1.48183416E+00,+59.32161E-03
-11.76500E-03,-1.45922109E+00,+51.28141E-03
-11.74000E-03,-1.44163315E+00,+51.28141E-03
-11.71500E-03,-1.49942210E+00,+47.26131E-03
-11.69000E-03,-1.52203516E+00,+50.77889E-03
-11.66500E-03,-1.49942210E+00,+46.75879E-03
-11.64000E-03,-1.48183416E+00,+43.24121E-03
-11.61500E-03,-1.48183416E+00,+39.22111E-03
-11.59000E-03,-1.48183416E+00,+35.20100E-03
-11.56500E-03,-1.48183416E+00,+35.20100E-03
-11.54000E-03,-1.48183416E+00,+35.20100E-03
-11.51500E-03,-1.50193466E+00,+35.20100E-03
-11.49000E-03,-1.51952260E+00,+35.20100E-03
-11.46500E-03,-1.48183416E+00,+27.16080E-03
-11.44000E-03,-1.48183416E+00,+26.65829E-03
-11.41500E-03,-1.50193466E+00,+22.63819E-03
-11.39000E-03,-1.44163315E+00,+19.12060E-03
-11.36500E-03,-1.48183416E+00,+15.10050E-03
-11.34000E-03,-1.48183416E+00,+18.61809E-03
-11.31500E-03,-1.45922109E+00,+15.10050E-03
-11.29000E-03,-1.48183416E+00,+11.08040E-03
-11.26500E-03,-1.48183416E+00,+11.08040E-03
-11.24000E-03,-1.51701004E+00,+10.57789E-03
-11.21500E-03,-1.45922109E+00,+3.04020E-03
-11.19000E-03,-1.48183416E+00,-5.00000E-03
-11.16500E-03,-1.48183416E+00,+2.03518E-03
-11.14000E-03,-1.47932160E+00,-5.00000E-03
-11.11500E-03,-1.44163315E+00,-5.00000E-03
-11.09000E-03,-1.47932160E+00,-5.00000E-03
-11.06500E-03,-1.46173366E+00,-13.04020E-03
-11.04000E-03,-1.43912059E+00,-12.53769E-03
-11.01500E-03,-1.46173366E+00,-13.04020E-03
-10.99000E-03,-1.47932160E+00,-20.57789E-03
-10.96500E-03,-1.50193466E+00,-17.06030E-03
-10.94000E-03,-1.44163315E+00,-13.04020E-03
-10.91500E-03,-1.45922109E+00,-17.06030E-03
-10.89000E-03,-1.44163315E+00,-20.57789E-03
-10.86500E-03,-1.45922109E+00,-24.59799E-03
-10.84000E-03,-1.44163315E+00,-29.12060E-03
-10.81500E-03,-1.45922109E+00,-32.63819E-03
-10.79000E-03,-1.44163315E+00,-29.12060E-03
-10.76500E-03,-1.44163315E+00,-41.18090E-03
-10.74000E-03,-1.44163315E+00,-37.16080E-03
-10.71500E-03,-1.44163315E+00,-37.16080E-03
-10.69000E-03,-1.44163315E+00,-45.20100E-03
-10.66500E-03,-1.46173366E+00,-49.22110E-03
-10.64000E-03,-1.44163315E+00,-45.20100E-03
-10.61500E-03,-1.44163315E+00,-48.71859E-03
-10.59000E-03,-1.44163315E+00,-53.24121E-03
-10.56500E-03,-1.42153265E+00,-48.71859E-03
-10.54000E-03,-1.44163315E+00,-61.28141E-03
-10.51500E-03,-1.44163315E+00,-61.28141E-03
-10.49000E-03,-1.43912059E+00,-53.24121E-03
-10.46500E-03,-1.45922109E+00,-65.30151E-03
-10.44000E-03,-1.40143215E+00,-61.28141E-03
-10.41500E-03,-1.41902009E+00,-69.32161E-03
-10.39000E-03,-1.40143215E+00,-69.32161E-03
-10.36500E-03,-1.43660803E+00,-77.36181E-03
-10.34000E-03,-1.43912059E+00,-69.32161E-03
-10.31500E-03,-1.41902009E+00,-73.34171E-03
-10.29000E-03,-1.40143215E+00,-84.89950E-03
-10.26500E-03,-1.40143215E+00,-81.38191E-03
-10.24000E-03,-1.40143215E+00,-77.36181E-03
-10.21500E-03,-1.44163315E+00,-80.87940E-03
-10.19000E-03,-1.43912059E+00,-93.44221E-03
-10.16500E-03,-1.42153265E+00,-88.91960E-03
-10.14000E-03,-1.40143215E+00,-85.40201E-03
-10.11500E-03,-1.40143215E+00,-93.44221E-03
-10.09000E-03,-1.40143215E+00,-93.44221E-03
-10.06500E-03,-1.42153265E+00,-93.44221E-03
-10.04000E-03,-1.40143215E+00,-100.97990E-03
-10.01500E-03,-1.37881908E+00,-97.46231E-03
-9.99000E-03,-1.40143215E+00,-101.48241E-03
-9.96500E-03,-1.40143215E+00,-105.50251E-03
-9.94000E-03,-1.39891959E+00,-109.52261E-03
-9.91500E-03,-1.40143215E+00,-113.04020E-03
-9.89000E-03,-1.39891959E+00,-117.06030E-03
-9.86500E-03,-1.37881908E+00,-117.56281E-03
-9.84000E-03,-1.36123114E+00,-124.59799E-03
-9.81500E-03,-1.36123114E+00,-121.58291E-03
-9.79000E-03,-1.36123114E+00,-125.10050E-03
-9.76500E-03,-1.36123114E+00,-121.58291E-03
-9.74000E-03,-1.36123114E+00,-125.60301E-03
-9.71500E-03,-1.32103014E+00,-125.60301E-03
-9.69000E-03,-1.36123114E+00,-133.14070E-03
-9.66500E-03,-1.32103014E+00,-129.62311E-03
-9.64000E-03,-1.32103014E+00,-125.60301E-03
-9.61500E-03,-1.34113064E+00,-137.16080E-03
-9.59000E-03,-1.36123114E+00,-133.64321E-03
-9.56500E-03,-1.32103014E+00,-141.68342E-03
-9.54000E-03,-1.32103014E+00,-141.68342E-03
-9.51500E-03,-1.32103014E+00,-145.20100E-03
-9.49000E-03,-1.28334170E+00,-141.68342E-03
-9.46500E-03,-1.32103014E+00,-149.72362E-03
-9.44000E-03,-1.28082914E+00,-149.72362E-03
-9.41500E-03,-1.29841707E+00,-149.72362E-03
-9.39000E-03,-1.28082914E+00,-149.72362E-03
-9.36500E-03,-1.28082914E+00,-153.74372E-03
-9.34000E-03,-1.28082914E+00,-157.26130E-03
-9.31500E-03,-1.28082914E+00,-161.28141E-03
-9.29000E-03,-1.24062813E+00,-165.30151E-03
-9.26500E-03,-1.28082914E+00,-165.80402E-03
-9.24000E-03,-1.27580401E+00,-173.34171E-03
-9.21500E-03,-1.24062813E+00,-165.80402E-03
-9.19000E-03,-1.24062813E+00,-165.80402E-03
-9.16500E-03,-1.24062813E+00,-177.36181E-03
-9.14000E-03,-1.24062813E+00,-173.84422E-03
-9.11500E-03,-1.24062813E+00,-181.88442E-03
-9.09000E-03,-1.24062813E+00,-181.88442E-03
-9.06500E-03,-1.22052763E+00,-181.88442E-03
-9.04000E-03,-1.24062813E+00,-181.88442E-03
-9.01500E-03,-1.21801507E+00,-181.88442E-03
-8.99000E-03,-1.20042713E+00,-189.42211E-03
-8.96500E-03,-1.20042713E+00,-189.92462E-03
-8.94000E-03,-1.20042713E+00,-189.92462E-03
-8.91500E-03,-1.20042713E+00,-189.92462E-03
-8.89000E-03,-1.20042713E+00,-189.92462E-03
-8.86500E-03,-1.18032662E+00,-197.96482E-03
-8.84000E-03,-1.16022612E+00,-197.96482E-03
-8.81500E-03,-1.16022612E+00,-201.98492E-03
-8.79000E-03,-1.12002512E+00,-205.50251E-03
-8.76500E-03,-1.13761306E+00,-201.48241E-03
-8.74000E-03,-1.12002512E+00,-206.00502E-03
-8.71500E-03,-1.16022612E+00,-209.52261E-03
-8.69000E-03,-1.11751255E+00,-214.04522E-03
-8.66500E-03,-1.12002512E+00,-214.04522E-03
-8.64000E-03,-1.11751255E+00,-206.00502E-03
-8.61500E-03,-1.12002512E+00,-214.04522E-03
-8.59000E-03,-1.12002512E+00,-222.08542E-03
-8.56500E-03,-1.07982411E+00,-217.56281E-03
-8.54000E-03,-1.07982411E+00,-222.08542E-03
-8.51500E-03,-1.05972361E+00,-222.08542E-03
-8.49000E-03,-1.07982411E+00,-230.12563E-03
-8.46500E-03,-1.07982411E+00,-225.60301E-03
-8.44000E-03,-1.03962311E+00,-230.12563E-03
-8.41500E-03,-1.07982411E+00,-230.12563E-03
-8.39000E-03,-1.07731155E+00,-230.12563E-03
-8.36500E-03,-1.07982411E+00,-233.64321E-03
-8.34000E-03,-1.03962311E+00,-230.12563E-03
-8.31500E-03,-1.03962311E+00,-246.20603E-03
-8.29000E-03,-1.03711054E+00,-245.70351E-03
-8.26500E-03,-999.42210E-03,-246.20603E-03
-8.24000E-03,-999.42210E-03,-246.20603E-03
-8.21500E-03,-976.80904E-03,-250.22613E-03
-8.19000E-03,-999.42210E-03,-246.20603E-03
-8.16500E-03,-994.39698E-03,-250.22613E-03
-8.14000E-03,-959.22110E-03,-254.24623E-03
-8.11500E-03,-976.80904E-03,-254.24623E-03
-8.09000E-03,-919.02009E-03,-254.24623E-03
-8.06500E-03,-939.12060E-03,-254.24623E-03
-8.04000E-03,-956.70854E-03,-261.78392E-03
-8.01500E-03,-959.22110E-03,-258.26633E-03
-7.99000E-03,-919.02009E-03,-262.28643E-03
-7.96500E-03,-919.02009E-03,-262.28643E-03
-7.94000E-03,-878.81909E-03,-269.82412E-03
-7.91500E-03,-919.02009E-03,-266.30653E-03
-7.89000E-03,-876.30653E-03,-270.32663E-03
-7.86500E-03,-878.81909E-03,-266.30653E-03
-7.84000E-03,-878.81909E-03,-277.86432E-03
-7.81500E-03,-878.81909E-03,-278.36683E-03
-7.79000E-03,-878.81909E-03,-278.36683E-03
-7.76500E-03,-833.59296E-03,-281.88442E-03
-7.74000E-03,-798.41708E-03,-278.36683E-03
-7.71500E-03,-818.51758E-03,-281.88442E-03
-7.69000E-03,-836.10552E-03,-286.40703E-03
-7.66500E-03,-798.41708E-03,-281.88442E-03
-7.64000E-03,-798.41708E-03,-293.94472E-03
-7.61500E-03,-798.41708E-03,-294.44723E-03
-7.59000E-03,-798.41708E-03,-294.44723E-03
-7.56500E-03,-760.72864E-03,-294.44723E-03
-7.54000E-03,-793.39195E-03,-294.44723E-03
-7.51500E-03,-758.21608E-03,-298.46733E-03
-7.49000E-03,-758.21608E-03,-302.48743E-03
-7.46500E-03,-718.01507E-03,-302.48743E-03
-7.44000E-03,-677.81407E-03,-301.98492E-03
-7.41500E-03,-718.01507E-03,-302.48743E-03
-7.39000E-03,-677.81407E-03,-310.52763E-03
-7.36500E-03,-677.81407E-03,-310.52763E-03
-7.34000E-03,-675.30150E-03,-310.52763E-03
-7.31500E-03,-657.71356E-03,-310.52763E-03
-7.29000E-03,-715.50251E-03,-318.06532E-03
-7.26500E-03,-677.81407E-03,-314.04522E-03
-7.24000E-03,-637.61306E-03,-318.56784E-03
-7.21500E-03,-637.61306E-03,-314.54774E-03
-7.19000E-03,-637.61306E-03,-318.56784E-03
-7.16500E-03,-615.00000E-03,-318.56784E-03
-7.14000E-03,-635.10050E-03,-326.60804E-03
-7.11500E-03,-597.41206E-03,-326.60804E-03
-7.09000E-03,-597.41206E-03,-326.60804E-03
-7.06500E-03,-577.31155E-03,-326.60804E-03
-7.04000E-03,-554.69849E-03,-334.64824E-03
-7.01500E-03,-537.11055E-03,-338.66834E-03
-6.99000E-03,-557.21105E-03,-334.64824E-03
-6.96500E-03,-534.59799E-03,-334.64824E-03
-6.94000E-03,-517.01005E-03,-342.18593E-03
-6.91500E-03,-517.01005E-03,-338.16583E-03
-6.89000E-03,-514.49749E-03,-342.68844E-03
-6.86500E-03,-517.01005E-03,-342.68844E-03
-6.84000E-03,-439.12060E-03,-342.68844E-03
-6.81500E-03,-471.78392E-03,-342.68844E-03
-6.79000E-03,-474.29648E-03,-350.72864E-03
-6.76500E-03,-439.12060E-03,-350.72864E-03
-6.74000E-03,-474.29648E-03,-342.68844E-03
-6.71500E-03,-413.99497E-03,-354.24623E-03
-6.69000E-03,-396.40703E-03,-358.76884E-03
-6.66500E-03,-396.40703E-03,-354.74874E-03
-6.64000E-03,-434.09548E-03,-358.26633E-03
-6.61500E-03,-376.30653E-03,-362.78894E-03
-6.59000E-03,-393.89447E-03,-366.30653E-03
-6.56500E-03,-356.20603E-03,-366.80904E-03
-6.54000E-03,-356.20603E-03,-358.76884E-03
-6.51500E-03,-293.39196E-03,-374.84924E-03
-6.49000E-03,-316.00503E-03,-366.80904E-03
-6.46500E-03,-275.80402E-03,-374.84924E-03
-6.44000E-03,-316.00503E-03,-374.34673E-03
-6.41500E-03,-275.80402E-03,-378.36683E-03
-6.39000E-03,-275.80402E-03,-374.84924E-03
-6.36500E-03,-275.80402E-03,-374.84924E-03
-6.34000E-03,-273.29146E-03,-374.84924E-03
-6.31500E-03,-275.80402E-03,-378.36683E-03
-6.29000E-03,-235.60302E-03,-374.84924E-03
-6.26500E-03,-212.98995E-03,-382.88944E-03
-6.24000E-03,-235.60302E-03,-382.88944E-03
-6.21500E-03,-195.40201E-03,-382.88944E-03
-6.19000E-03,-195.40201E-03,-390.92964E-03
-6.16500E-03,-172.78895E-03,-390.92964E-03
-6.14000E-03,-195.40201E-03,-390.42713E-03
-6.11500E-03,-132.58794E-03,-390.92964E-03
-6.09000E-03,-155.20101E-03,-390.92964E-03
-6.06500E-03,-115.00000E-03,-394.94974E-03
-6.04000E-03,-115.00000E-03,-391.43216E-03
-6.01500E-03,-115.00000E-03,-402.48743E-03
-5.99000E-03,-74.79900E-03,-398.96984E-03
-5.96500E-03,-74.79900E-03,-402.98995E-03
-5.94000E-03,-74.79900E-03,-407.01005E-03
-5.91500E-03,-34.59799E-03,-402.48743E-03
-5.89000E-03,-34.59799E-03,-407.01005E-03
-5.86500E-03,-74.79900E-03,-410.52763E-03
-5.84000E-03,+3.09045E-03,-407.01005E-03
-5.81500E-03,-14.49749E-03,-410.52763E-03
-5.79000E-03,+5.60301E-03,-422.08542E-03
-5.76500E-03,+25.70351E-03,-415.05025E-03
-5.74000E-03,+45.80402E-03,-415.05025E-03
-5.71500E-03,+45.80402E-03,-423.09045E-03
-5.69000E-03,+45.80402E-03,-423.09045E-03
-5.66500E-03,+86.00502E-03,-423.09045E-03
-5.64000E-03,+86.00502E-03,-423.09045E-03
-5.61500E-03,+86.00502E-03,-423.09045E-03
-5.59000E-03,+123.69346E-03,-423.09045E-03
-5.56500E-03,+126.20603E-03,-427.11055E-03
-5.54000E-03,+126.20603E-03,-431.13065E-03
-5.51500E-03,+126.20603E-03,-431.13065E-03
-5.49000E-03,+166.40703E-03,-431.13065E-03
-5.46500E-03,+186.50753E-03,-431.13065E-03
-5.44000E-03,+204.09547E-03,-439.17085E-03
-5.41500E-03,+206.60803E-03,-439.17085E-03
-5.39000E-03,+206.60803E-03,-439.17085E-03
-5.36500E-03,+246.80904E-03,-439.17085E-03
-5.34000E-03,+284.49748E-03,-439.17085E-03
-5.31500E-03,+226.70854E-03,-443.19095E-03
-5.29000E-03,+287.01004E-03,-447.21105E-03
-5.26500E-03,+266.90954E-03,-442.68844E-03
-5.24000E-03,+287.01004E-03,-447.21105E-03
-5.21500E-03,+304.59798E-03,-442.68844E-03
-5.19000E-03,+327.21105E-03,-447.21105E-03
-5.16500E-03,+307.11055E-03,-451.23115E-03
-5.14000E-03,+327.21105E-03,-439.17085E-03
-5.11500E-03,+367.41205E-03,-439.17085E-03
-5.09000E-03,+405.10049E-03,-439.17085E-03
-5.06500E-03,+384.99999E-03,-431.13065E-03
-5.04000E-03,+367.41205E-03,-431.13065E-03
-5.01500E-03,+427.71356E-03,-427.11055E-03
-4.99000E-03,+447.81406E-03,-423.09045E-03
-4.96500E-03,+442.78894E-03,-418.56783E-03
-4.94000E-03,+407.61306E-03,-422.58794E-03
-4.91500E-03,+467.91456E-03,-415.05025E-03
-4.89000E-03,+447.81406E-03,-415.05025E-03
-4.86500E-03,+488.01507E-03,-407.01005E-03
-4.84000E-03,+488.01507E-03,-407.01005E-03
-4.81500E-03,+505.60301E-03,-402.98995E-03
-4.79000E-03,+528.21607E-03,-398.96984E-03
-4.76500E-03,+545.80401E-03,-398.96984E-03
-4.74000E-03,+568.41708E-03,-390.92964E-03
-4.71500E-03,+568.41708E-03,-386.40703E-03
-4.69000E-03,+568.41708E-03,-390.92964E-03
-4.66500E-03,+608.61808E-03,-386.40703E-03
-4.64000E-03,+608.61808E-03,-382.88944E-03
-4.61500E-03,+588.51758E-03,-374.84924E-03
-4.59000E-03,+608.61808E-03,-382.38693E-03
-4.56500E-03,+626.20602E-03,-374.84924E-03
-4.54000E-03,+648.81909E-03,-374.34673E-03
-4.51500E-03,+668.91959E-03,-366.80904E-03
-4.49000E-03,+648.81909E-03,-366.80904E-03
-4.46500E-03,+666.40702E-03,-358.76884E-03
-4.44000E-03,+689.02009E-03,-350.72864E-03
-4.41500E-03,+689.02009E-03,-350.72864E-03
-4.39000E-03,+689.02009E-03,-350.72864E-03
-4.36500E-03,+749.32160E-03,-350.72864E-03
-4.34000E-03,+729.22109E-03,-342.68844E-03
-4.31500E-03,+749.32160E-03,-346.70854E-03
-4.29000E-03,+729.22109E-03,-342.68844E-03
-4.26500E-03,+724.19597E-03,-334.64824E-03
-4.24000E-03,+807.11054E-03,-334.64824E-03
-4.21500E-03,+769.42210E-03,-330.62814E-03
-4.19000E-03,+769.42210E-03,-326.60804E-03
-4.16500E-03,+787.01004E-03,-322.58794E-03
-4.14000E-03,+771.93466E-03,-326.10552E-03
-4.11500E-03,+809.62310E-03,-322.58794E-03
-4.09000E-03,+809.62310E-03,-318.56784E-03
-4.06500E-03,+849.82411E-03,-310.52763E-03
-4.04000E-03,+849.82411E-03,-310.52763E-03
-4.01500E-03,+890.02511E-03,-306.00502E-03
-3.99000E-03,+887.51255E-03,-302.48743E-03
-3.96500E-03,+890.02511E-03,-297.96482E-03
-3.94000E-03,+890.02511E-03,-310.02512E-03
-3.91500E-03,+890.02511E-03,-297.96482E-03
-3.89000E-03,+890.02511E-03,-294.44723E-03
-3.86500E-03,+907.61305E-03,-294.44723E-03
-3.84000E-03,+930.22612E-03,-293.94472E-03
-3.81500E-03,+930.22612E-03,-286.40703E-03
-3.79000E-03,+967.91456E-03,-278.36683E-03
-3.76500E-03,+930.22612E-03,-278.36683E-03
-3.74000E-03,+930.22612E-03,-270.32663E-03
-3.71500E-03,+990.52762E-03,-278.36683E-03
-3.69000E-03,+970.42712E-03,-270.32663E-03
-3.66500E-03,+950.32662E-03,-270.32663E-03
-3.64000E-03,+970.42712E-03,-262.28643E-03
-3.61500E-03,+970.42712E-03,-262.28643E-03
-3.59000E-03,+1.00811556E+00,-261.78392E-03
-3.56500E-03,+1.01062813E+00,-254.24623E-03
-3.54000E-03,+1.01062813E+00,-261.78392E-03
-3.51500E-03,+1.02821607E+00,-254.24623E-03
-3.49000E-03,+1.05082913E+00,-253.74372E-03
-3.46500E-03,+1.03072863E+00,-246.20603E-03
-3.44000E-03,+1.01062813E+00,-238.16583E-03
-3.41500E-03,+1.05082913E+00,-238.16583E-03
-3.39000E-03,+1.05082913E+00,-245.70351E-03
-3.36500E-03,+1.05082913E+00,-238.16583E-03
-3.34000E-03,+1.05082913E+00,-238.16583E-03
-3.31500E-03,+1.09103014E+00,-229.12060E-03
-3.29000E-03,+1.09103014E+00,-230.12563E-03
-3.26500E-03,+1.09354270E+00,-222.08542E-03
-3.24000E-03,+1.09103014E+00,-222.08542E-03
-3.21500E-03,+1.09103014E+00,-218.06532E-03
-3.19000E-03,+1.13123114E+00,-214.04522E-03
-3.16500E-03,+1.13374370E+00,-210.02512E-03
-3.14000E-03,+1.13123114E+00,-214.04522E-03
-3.11500E-03,+1.11113064E+00,-210.02512E-03
-3.09000E-03,+1.17143214E+00,-206.00502E-03
-3.06500E-03,+1.15133164E+00,-206.00502E-03
-3.04000E-03,+1.13123114E+00,-205.50251E-03
-3.01500E-03,+1.13123114E+00,-197.96482E-03
-2.99000E-03,+1.20912059E+00,-189.92462E-03
-2.96500E-03,+1.18902008E+00,-197.96482E-03
-2.94000E-03,+1.21163315E+00,-189.42211E-03
-2.91500E-03,+1.17143214E+00,-189.92462E-03
-2.89000E-03,+1.17143214E+00,-181.88442E-03
-2.86500E-03,+1.21163315E+00,-181.88442E-03
-2.84000E-03,+1.21163315E+00,-181.38191E-03
-2.81500E-03,+1.19153265E+00,-181.88442E-03
-2.79000E-03,+1.20912059E+00,-173.84422E-03
-2.76500E-03,+1.22922109E+00,-169.82412E-03
-2.74000E-03,+1.21163315E+00,-165.80402E-03
-2.71500E-03,+1.23173365E+00,-165.80402E-03
-2.69000E-03,+1.25183415E+00,-157.76382E-03
-2.66500E-03,+1.25183415E+00,-165.80402E-03
-2.64000E-03,+1.25183415E+00,-149.72362E-03
-2.61500E-03,+1.22922109E+00,-153.24120E-03
-2.59000E-03,+1.25183415E+00,-149.72362E-03
-2.56500E-03,+1.25183415E+00,-153.74372E-03
-2.54000E-03,+1.25183415E+00,-149.72362E-03
-2.51500E-03,+1.29203516E+00,-153.24120E-03
-2.49000E-03,+1.25183415E+00,-141.68342E-03
-2.46500E-03,+1.25183415E+00,-141.68342E-03
-2.44000E-03,+1.28952260E+00,-141.18090E-03
-2.41500E-03,+1.27193466E+00,-133.64321E-03
-2.39000E-03,+1.25183415E+00,-133.64321E-03
-2.36500E-03,+1.29203516E+00,-133.64321E-03
-2.34000E-03,+1.28952260E+00,-125.60301E-03
-2.31500E-03,+1.27193466E+00,-125.60301E-03
-2.29000E-03,+1.33223616E+00,-125.60301E-03
-2.26500E-03,+1.29203516E+00,-121.08040E-03
-2.24000E-03,+1.29203516E+00,-117.56281E-03
-2.21500E-03,+1.29203516E+00,-117.56281E-03
-2.19000E-03,+1.33223616E+00,-109.52261E-03
-2.16500E-03,+1.33223616E+00,-113.54271E-03
-2.14000E-03,+1.29203516E+00,-109.52261E-03
-2.11500E-03,+1.30962310E+00,-105.00000E-03
-2.09000E-03,+1.33223616E+00,-101.48241E-03
-2.06500E-03,+1.31213566E+00,-105.00000E-03
-2.04000E-03,+1.32972360E+00,-101.48241E-03
-2.01500E-03,+1.33223616E+00,-96.95980E-03
-1.99000E-03,+1.29203516E+00,-100.97990E-03
-1.96500E-03,+1.33223616E+00,-85.40201E-03
-1.94000E-03,+1.33223616E+00,-85.40201E-03
-1.91500E-03,+1.34982410E+00,-89.42211E-03
-1.89000E-03,+1.33223616E+00,-85.40201E-03
-1.86500E-03,+1.34982410E+00,-81.38191E-03
-1.84000E-03,+1.37243717E+00,-77.36181E-03
-1.81500E-03,+1.30962310E+00,-77.36181E-03
-1.79000E-03,+1.36992461E+00,-76.85930E-03
-1.76500E-03,+1.37243717E+00,-65.30151E-03
-1.74000E-03,+1.37243717E+00,-69.32161E-03
-1.71500E-03,+1.34982410E+00,-68.31658E-03
-1.69000E-03,+1.36992461E+00,-61.28141E-03
-1.66500E-03,+1.37243717E+00,-57.26131E-03
-1.64000E-03,+1.36992461E+00,-61.28141E-03
-1.61500E-03,+1.34982410E+00,-53.24121E-03
-1.59000E-03,+1.36992461E+00,-53.24121E-03
-1.56500E-03,+1.35233667E+00,-49.22110E-03
-1.54000E-03,+1.41012561E+00,-45.20100E-03
-1.51500E-03,+1.37243717E+00,-45.20100E-03
-1.49000E-03,+1.41012561E+00,-37.16080E-03
-1.46500E-03,+1.37243717E+00,-37.16080E-03
-1.44000E-03,+1.41263817E+00,-37.16080E-03
-1.41500E-03,+1.37243717E+00,-40.67839E-03
-1.39000E-03,+1.33223616E+00,-44.69849E-03
-1.36500E-03,+1.37243717E+00,-29.12060E-03
-1.34000E-03,+1.37243717E+00,-29.12060E-03
-1.31500E-03,+1.37243717E+00,-29.12060E-03
-1.29000E-03,+1.41263817E+00,-21.08040E-03
-1.26500E-03,+1.37243717E+00,-29.12060E-03
-1.24000E-03,+1.41012561E+00,-21.08040E-03
-1.21500E-03,+1.39253767E+00,-17.06030E-03
-1.19000E-03,+1.40761305E+00,-13.04020E-03
-1.16500E-03,+1.39253767E+00,-13.04020E-03
-1.14000E-03,+1.41263817E+00,-13.04020E-03
-1.11500E-03,+1.37243717E+00,-5.00000E-03
-1.09000E-03,+1.37243717E+00,-12.53769E-03
-1.06500E-03,+1.39002511E+00,-1.48241E-03
-1.04000E-03,+1.41263817E+00,-5.00000E-03
-1.01500E-03,+1.37243717E+00,+3.04020E-03
-990.00E-06,+1.33223616E+00,-5.00000E-03
-965.00E-06,+1.37243717E+00,+3.04020E-03
-940.00E-06,+1.37243717E+00,+3.04020E-03
-915.00E-06,+1.39253767E+00,+11.08040E-03
-890.00E-06,+1.37243717E+00,+11.08040E-03
-865.00E-06,+1.41263817E+00,+14.59799E-03
-840.00E-06,+1.41012561E+00,+19.12060E-03
-815.00E-06,+1.39253767E+00,+22.63819E-03
-790.00E-06,+1.41012561E+00,+19.12060E-03
-765.00E-06,+1.37243717E+00,+19.12060E-03
-740.00E-06,+1.37243717E+00,+27.16080E-03
-715.00E-06,+1.39002511E+00,+27.16080E-03
-690.00E-06,+1.37243717E+00,+27.16080E-03
-665.00E-06,+1.37243717E+00,+35.20100E-03
-640.00E-06,+1.37243717E+00,+27.16080E-03
-615.00E-06,+1.34982410E+00,+35.20100E-03
-590.00E-06,+1.37243717E+00,+35.20100E-03
-565.00E-06,+1.39002511E+00,+39.22111E-03
-540.00E-06,+1.37243717E+00,+35.20100E-03
-515.00E-06,+1.39253767E+00,+43.24121E-03
-490.00E-06,+1.33223616E+00,+43.24121E-03
-465.00E-06,+1.35233667E+00,+51.28141E-03
-440.00E-06,+1.33223616E+00,+51.28141E-03
-415.00E-06,+1.37243717E+00,+59.32161E-03
-390.00E-06,+1.37243717E+00,+59.32161E-03
-365.00E-06,+1.37243717E+00,+54.79899E-03
-340.00E-06,+1.36992461E+00,+51.28141E-03
-315.00E-06,+1.37243717E+00,+63.34171E-03
-290.00E-06,+1.37243717E+00,+67.36181E-03
-265.00E-06,+1.37243717E+00,+62.83920E-03
-240.00E-06,+1.37243717E+00,+67.36181E-03
-215.00E-06,+1.37243717E+00,+71.38191E-03
-190.00E-06,+1.36992461E+00,+67.36181E-03
-165.00E-06,+1.35233667E+00,+75.40201E-03
-140.00E-06,+1.36992461E+00,+75.40201E-03
-115.00E-06,+1.33223616E+00,+75.40201E-03
-90.00E-06,+1.36992461E+00,+75.40201E-03
-65.00E-06,+1.34982410E+00,+79.42211E-03
-40.00E-06,+1.33223616E+00,+90.97990E-03
-15.00E-06,+1.31213566E+00,+86.95980E-03
+10.00E-06,+1.33223616E+00,+91.48241E-03
+35.00E-06,+1.33223616E+00,+95.00000E-03
+60.00E-06,+1.33223616E+00,+99.02010E-03
+85.00E-06,+1.30962310E+00,+95.00000E-03
+110.00E-06,+1.29203516E+00,+99.52261E-03
+135.00E-06,+1.30962310E+00,+99.52261E-03
+160.00E-06,+1.29203516E+00,+99.52261E-03
+185.00E-06,+1.30962310E+00,+107.56281E-03
+210.00E-06,+1.32972360E+00,+107.56281E-03
+235.00E-06,+1.29203516E+00,+107.56281E-03
+260.00E-06,+1.29203516E+00,+115.10050E-03
+285.00E-06,+1.29203516E+00,+115.60301E-03
+310.00E-06,+1.28952260E+00,+115.60301E-03
+335.00E-06,+1.29203516E+00,+119.62311E-03
+360.00E-06,+1.28952260E+00,+123.64321E-03
+385.00E-06,+1.29203516E+00,+123.64321E-03
+410.00E-06,+1.28952260E+00,+123.64321E-03
+435.00E-06,+1.26942209E+00,+123.64321E-03
+460.00E-06,+1.25183415E+00,+123.64321E-03
+485.00E-06,+1.26942209E+00,+127.16080E-03
+510.00E-06,+1.25183415E+00,+131.68342E-03
+535.00E-06,+1.24680903E+00,+131.68342E-03
+560.00E-06,+1.24932159E+00,+131.68342E-03
+585.00E-06,+1.25183415E+00,+139.72362E-03
+610.00E-06,+1.21163315E+00,+139.72362E-03
+635.00E-06,+1.23173365E+00,+143.74372E-03
+660.00E-06,+1.21163315E+00,+139.72362E-03
+685.00E-06,+1.25183415E+00,+147.76382E-03
+710.00E-06,+1.21163315E+00,+147.76382E-03
+735.00E-06,+1.22922109E+00,+151.28141E-03
+760.00E-06,+1.21163315E+00,+155.80402E-03
+785.00E-06,+1.18902008E+00,+155.80402E-03
+810.00E-06,+1.21163315E+00,+163.34171E-03
+835.00E-06,+1.21163315E+00,+159.32161E-03
+860.00E-06,+1.21163315E+00,+163.84422E-03
+885.00E-06,+1.18902008E+00,+159.82412E-03
+910.00E-06,+1.20912059E+00,+163.84422E-03
+935.00E-06,+1.19153265E+00,+167.36181E-03
+960.00E-06,+1.17143214E+00,+171.38191E-03
+985.00E-06,+1.17143214E+00,+175.40201E-03
+1.01000E-03,+1.17143214E+00,+171.88442E-03
+1.03500E-03,+1.17143214E+00,+183.94472E-03
+1.06000E-03,+1.17143214E+00,+179.92462E-03
+1.08500E-03,+1.13123114E+00,+179.92462E-03
+1.11000E-03,+1.13123114E+00,+179.92462E-03
+1.13500E-03,+1.15133164E+00,+179.92462E-03
+1.16000E-03,+1.13123114E+00,+179.92462E-03
+1.18500E-03,+1.11113064E+00,+183.94472E-03
+1.21000E-03,+1.09103014E+00,+195.50251E-03
+1.23500E-03,+1.09103014E+00,+196.00502E-03
+1.26000E-03,+1.09103014E+00,+196.00502E-03
+1.28500E-03,+1.08600501E+00,+196.00502E-03
+1.31000E-03,+1.09103014E+00,+196.00502E-03
+1.33500E-03,+1.09103014E+00,+204.54774E-03
+1.36000E-03,+1.09103014E+00,+196.00502E-03
+1.38500E-03,+1.09103014E+00,+200.02512E-03
+1.41000E-03,+1.05082913E+00,+204.04522E-03
+1.43500E-03,+1.03072863E+00,+212.08542E-03
+1.46000E-03,+1.01062813E+00,+211.58291E-03
+1.48500E-03,+1.07092963E+00,+212.08542E-03
+1.51000E-03,+1.01062813E+00,+212.08542E-03
+1.53500E-03,+1.02821607E+00,+216.10553E-03
+1.56000E-03,+1.01062813E+00,+212.08542E-03
+1.58500E-03,+1.01062813E+00,+215.60301E-03
+1.61000E-03,+970.42712E-03,+220.12563E-03
+1.63500E-03,+1.01062813E+00,+224.14573E-03
+1.66000E-03,+1.01062813E+00,+228.16583E-03
+1.68500E-03,+1.01062813E+00,+228.16583E-03
+1.71000E-03,+1.01062813E+00,+228.16583E-03
+1.73500E-03,+990.52762E-03,+228.16583E-03
+1.76000E-03,+970.42712E-03,+228.16583E-03
+1.78500E-03,+970.42712E-03,+236.20603E-03
+1.81000E-03,+970.42712E-03,+236.20603E-03
+1.83500E-03,+970.42712E-03,+236.20603E-03
+1.86000E-03,+930.22612E-03,+244.24623E-03
+1.88500E-03,+930.22612E-03,+244.24623E-03
+1.91000E-03,+930.22612E-03,+244.24623E-03
+1.93500E-03,+910.12562E-03,+247.76382E-03
+1.96000E-03,+967.91456E-03,+236.70854E-03
+1.98500E-03,+890.02511E-03,+244.24623E-03
+2.01000E-03,+927.71355E-03,+252.28643E-03
+2.03500E-03,+890.02511E-03,+260.32663E-03
+2.06000E-03,+890.02511E-03,+260.32663E-03
+2.08500E-03,+890.02511E-03,+260.32663E-03
+2.11000E-03,+887.51255E-03,+252.28643E-03
+2.13500E-03,+849.82411E-03,+268.36683E-03
+2.16000E-03,+849.82411E-03,+268.36683E-03
+2.18500E-03,+827.21104E-03,+268.36683E-03
+2.21000E-03,+849.82411E-03,+275.90452E-03
+2.23500E-03,+849.82411E-03,+268.36683E-03
+2.26000E-03,+809.62310E-03,+276.40703E-03
+2.28500E-03,+827.21104E-03,+268.36683E-03
+2.31000E-03,+809.62310E-03,+275.90452E-03
+2.33500E-03,+809.62310E-03,+276.40703E-03
+2.36000E-03,+844.79898E-03,+276.40703E-03
+2.38500E-03,+787.01004E-03,+279.92462E-03
+2.41000E-03,+769.42210E-03,+276.40703E-03
+2.43500E-03,+769.42210E-03,+284.44723E-03
+2.46000E-03,+769.42210E-03,+284.44723E-03
+2.48500E-03,+769.42210E-03,+280.42713E-03
+2.51000E-03,+729.22109E-03,+292.48743E-03
+2.53500E-03,+729.22109E-03,+296.50753E-03
+2.56000E-03,+766.90954E-03,+284.44723E-03
+2.58500E-03,+709.12059E-03,+291.48241E-03
+2.61000E-03,+726.70853E-03,+300.52764E-03
+2.63500E-03,+689.02009E-03,+296.50753E-03
+2.66000E-03,+686.50753E-03,+308.06532E-03
+2.68500E-03,+689.02009E-03,+304.04522E-03
+2.71000E-03,+648.81909E-03,+300.52764E-03
+2.73500E-03,+648.81909E-03,+304.54774E-03
+2.76000E-03,+648.81909E-03,+308.56784E-03
+2.78500E-03,+648.81909E-03,+308.56784E-03
+2.81000E-03,+646.30652E-03,+308.06532E-03
+2.83500E-03,+648.81909E-03,+312.08542E-03
+2.86000E-03,+608.61808E-03,+316.60804E-03
+2.88500E-03,+586.00502E-03,+320.12562E-03
+2.91000E-03,+568.41708E-03,+316.60804E-03
+2.93500E-03,+586.00502E-03,+324.64824E-03
+2.96000E-03,+565.90451E-03,+316.60804E-03
+2.98500E-03,+548.31657E-03,+324.64824E-03
+3.01000E-03,+568.41708E-03,+324.64824E-03
+3.03500E-03,+528.21607E-03,+324.64824E-03
+3.06000E-03,+528.21607E-03,+332.18593E-03
+3.08500E-03,+508.11557E-03,+332.68844E-03
+3.11000E-03,+528.21607E-03,+332.68844E-03
+3.13500E-03,+488.01507E-03,+328.66834E-03
+3.16000E-03,+488.01507E-03,+332.68844E-03
+3.18500E-03,+465.40200E-03,+332.68844E-03
+3.21000E-03,+447.81406E-03,+340.22613E-03
+3.23500E-03,+465.40200E-03,+340.72864E-03
+3.26000E-03,+447.81406E-03,+340.72864E-03
+3.28500E-03,+447.81406E-03,+348.76884E-03
+3.31000E-03,+407.61306E-03,+340.72864E-03
+3.33500E-03,+410.12562E-03,+348.76884E-03
+3.36000E-03,+405.10049E-03,+348.76884E-03
+3.38500E-03,+407.61306E-03,+352.28643E-03
+3.41000E-03,+367.41205E-03,+348.76884E-03
+3.43500E-03,+367.41205E-03,+352.28643E-03
+3.46000E-03,+367.41205E-03,+356.80904E-03
+3.48500E-03,+327.21105E-03,+352.78894E-03
+3.51000E-03,+327.21105E-03,+356.80904E-03
+3.53500E-03,+347.31155E-03,+355.80402E-03
+3.56000E-03,+327.21105E-03,+364.84924E-03
+3.58500E-03,+327.21105E-03,+364.84924E-03
+3.61000E-03,+287.01004E-03,+364.84924E-03
+3.63500E-03,+287.01004E-03,+368.86934E-03
+3.66000E-03,+246.80904E-03,+364.84924E-03
+3.68500E-03,+264.39698E-03,+372.88944E-03
+3.71000E-03,+246.80904E-03,+372.88944E-03
+3.73500E-03,+246.80904E-03,+372.88944E-03
+3.76000E-03,+206.60803E-03,+372.38693E-03
+3.78500E-03,+226.70854E-03,+376.40703E-03
+3.81000E-03,+206.60803E-03,+372.88944E-03
+3.83500E-03,+186.50753E-03,+380.92964E-03
+3.86000E-03,+166.40703E-03,+388.96985E-03
+3.88500E-03,+183.99497E-03,+384.44723E-03
+3.91000E-03,+126.20603E-03,+388.46733E-03
+3.93500E-03,+166.40703E-03,+388.96985E-03
+3.96000E-03,+201.58291E-03,+388.96985E-03
+3.98500E-03,+126.20603E-03,+392.98995E-03
+4.01000E-03,+161.38190E-03,+388.96985E-03
+4.03500E-03,+86.00502E-03,+392.48743E-03
+4.06000E-03,+45.80402E-03,+396.50753E-03
+4.08500E-03,+65.90452E-03,+397.01005E-03
+4.11000E-03,+83.49246E-03,+397.01005E-03
+4.13500E-03,+63.39196E-03,+405.05025E-03
+4.16000E-03,+45.80402E-03,+397.01005E-03
+4.18500E-03,+25.70351E-03,+405.05025E-03
+4.21000E-03,+45.80402E-03,+405.05025E-03
+4.23500E-03,+23.19095E-03,+409.07035E-03
+4.26000E-03,-32.08543E-03,+413.09045E-03
+4.28500E-03,-14.49749E-03,+409.07035E-03
+4.31000E-03,-34.59799E-03,+413.09045E-03
+4.33500E-03,-14.49749E-03,+413.09045E-03
+4.36000E-03,-37.11056E-03,+420.62814E-03
+4.38500E-03,-74.79900E-03,+413.09045E-03
+4.41000E-03,-74.79900E-03,+420.62814E-03
+4.43500E-03,-97.41206E-03,+421.13065E-03
+4.46000E-03,-115.00000E-03,+420.62814E-03
+4.48500E-03,-115.00000E-03,+424.64824E-03
+4.51000E-03,-115.00000E-03,+429.17085E-03
+4.53500E-03,-132.58794E-03,+429.17085E-03
+4.56000E-03,-155.20101E-03,+429.17085E-03
+4.58500E-03,-195.40201E-03,+433.19095E-03
+4.61000E-03,-192.88945E-03,+429.17085E-03
+4.63500E-03,-195.40201E-03,+433.19095E-03
+4.66000E-03,-195.40201E-03,+429.17085E-03
+4.68500E-03,-215.50251E-03,+437.21105E-03
+4.71000E-03,-233.09045E-03,+436.70854E-03
+4.73500E-03,-275.80402E-03,+437.21105E-03
+4.76000E-03,-275.80402E-03,+437.21105E-03
+4.78500E-03,-293.39196E-03,+445.25125E-03
+4.81000E-03,-275.80402E-03,+437.21105E-03
+4.83500E-03,-316.00503E-03,+445.25125E-03
+4.86000E-03,-316.00503E-03,+445.25125E-03
+4.88500E-03,-316.00503E-03,+449.27135E-03
+4.91000E-03,-316.00503E-03,+452.78894E-03
+4.93500E-03,-333.59296E-03,+457.31155E-03
+4.96000E-03,-356.20603E-03,+453.29145E-03
+4.98500E-03,-416.50754E-03,+456.80904E-03
+5.01000E-03,-393.89447E-03,+460.82914E-03
+5.03500E-03,-416.50754E-03,+448.76884E-03
+5.06000E-03,-396.40703E-03,+445.25125E-03
+5.08500E-03,-436.60804E-03,+445.25125E-03
+5.11000E-03,-474.29648E-03,+445.25125E-03
+5.13500E-03,-454.19598E-03,+433.19095E-03
+5.16000E-03,-436.60804E-03,+437.21105E-03
+5.18500E-03,-476.80904E-03,+437.21105E-03
+5.21000E-03,-514.49749E-03,+429.17085E-03
+5.23500E-03,-517.01005E-03,+425.15075E-03
+5.26000E-03,-517.01005E-03,+421.13065E-03
+5.28500E-03,-557.21105E-03,+413.09045E-03
+5.31000E-03,-557.21105E-03,+413.09045E-03
+5.33500E-03,-574.79899E-03,+413.09045E-03
+5.36000E-03,-594.89949E-03,+413.09045E-03
+5.38500E-03,-574.79899E-03,+405.05025E-03
+5.41000E-03,-557.21105E-03,+405.05025E-03
+5.43500E-03,-597.41206E-03,+400.52763E-03
+5.46000E-03,-637.61306E-03,+405.05025E-03
+5.48500E-03,-637.61306E-03,+397.01005E-03
+5.51000E-03,-637.61306E-03,+388.96985E-03
+5.53500E-03,-677.81407E-03,+388.96985E-03
+5.56000E-03,-677.81407E-03,+388.96985E-03
+5.58500E-03,-677.81407E-03,+384.44723E-03
+5.61000E-03,-715.50251E-03,+380.92964E-03
+5.63500E-03,-695.40201E-03,+380.92964E-03
+5.66000E-03,-718.01507E-03,+372.88944E-03
+5.68500E-03,-718.01507E-03,+376.90954E-03
+5.71000E-03,-677.81407E-03,+372.38693E-03
+5.73500E-03,-758.21608E-03,+364.84924E-03
+5.76000E-03,-718.01507E-03,+356.80904E-03
+5.78500E-03,-758.21608E-03,+360.32663E-03
+5.81000E-03,-798.41708E-03,+356.80904E-03
+5.83500E-03,-775.80402E-03,+356.80904E-03
+5.86000E-03,-798.41708E-03,+348.76884E-03
+5.88500E-03,-798.41708E-03,+348.76884E-03
+5.91000E-03,-836.10552E-03,+340.72864E-03
+5.93500E-03,-858.71859E-03,+336.20603E-03
+5.96000E-03,-838.61808E-03,+340.22613E-03
+5.98500E-03,-858.71859E-03,+336.20603E-03
+6.01000E-03,-878.81909E-03,+332.68844E-03
+6.03500E-03,-878.81909E-03,+324.64824E-03
+6.06000E-03,-878.81909E-03,+324.64824E-03
+6.08500E-03,-896.40703E-03,+324.64824E-03
+6.11000E-03,-919.02009E-03,+316.60804E-03
+6.13500E-03,-919.02009E-03,+316.60804E-03
+6.16000E-03,-878.81909E-03,+316.60804E-03
+6.18500E-03,-939.12060E-03,+316.60804E-03
+6.21000E-03,-959.22110E-03,+308.56784E-03
+6.23500E-03,-959.22110E-03,+308.56784E-03
+6.26000E-03,-959.22110E-03,+300.52764E-03
+6.28500E-03,-999.42210E-03,+300.52764E-03
+6.31000E-03,-996.90954E-03,+300.52764E-03
+6.33500E-03,-976.80904E-03,+304.04522E-03
+6.36000E-03,-999.42210E-03,+291.98492E-03
+6.38500E-03,-999.42210E-03,+292.48743E-03
+6.41000E-03,-999.42210E-03,+291.98492E-03
+6.43500E-03,-1.01952261E+00,+284.44723E-03
+6.46000E-03,-1.07479899E+00,+284.44723E-03
+6.48500E-03,-1.03962311E+00,+276.40703E-03
+6.51000E-03,-1.03962311E+00,+276.40703E-03
+6.53500E-03,-1.07982411E+00,+276.40703E-03
+6.56000E-03,-1.07982411E+00,+275.90452E-03
+6.58500E-03,-1.05972361E+00,+268.36683E-03
+6.61000E-03,-1.07982411E+00,+275.40201E-03
+6.63500E-03,-1.12002512E+00,+263.84422E-03
+6.66000E-03,-1.07982411E+00,+267.86432E-03
+6.68500E-03,-1.09741205E+00,+260.32663E-03
+6.71000E-03,-1.11751255E+00,+252.28643E-03
+6.73500E-03,-1.09992461E+00,+252.28643E-03
+6.76000E-03,-1.16022612E+00,+244.24623E-03
+6.78500E-03,-1.14012562E+00,+247.76382E-03
+6.81000E-03,-1.16022612E+00,+244.24623E-03
+6.83500E-03,-1.16022612E+00,+244.74874E-03
+6.86000E-03,-1.16022612E+00,+244.24623E-03
+6.88500E-03,-1.16022612E+00,+231.68341E-03
+6.91000E-03,-1.20042713E+00,+235.70352E-03
+6.93500E-03,-1.18032662E+00,+232.18593E-03
+6.96000E-03,-1.20042713E+00,+228.16583E-03
+6.98500E-03,-1.20042713E+00,+228.16583E-03
+7.01000E-03,-1.20042713E+00,+227.66331E-03
+7.03500E-03,-1.22052763E+00,+220.12563E-03
+7.06000E-03,-1.20042713E+00,+212.08542E-03
+7.08500E-03,-1.21801507E+00,+212.08542E-03
+7.11000E-03,-1.24062813E+00,+212.08542E-03
+7.13500E-03,-1.21801507E+00,+207.56281E-03
+7.16000E-03,-1.24062813E+00,+203.54271E-03
+7.18500E-03,-1.24062813E+00,+200.02512E-03
+7.21000E-03,-1.24062813E+00,+203.54271E-03
+7.23500E-03,-1.26072863E+00,+196.00502E-03
+7.26000E-03,-1.28082914E+00,+195.50251E-03
+7.28500E-03,-1.28082914E+00,+191.48241E-03
+7.31000E-03,-1.28082914E+00,+196.00502E-03
+7.33500E-03,-1.29841707E+00,+183.94472E-03
+7.36000E-03,-1.31851758E+00,+187.96482E-03
+7.38500E-03,-1.32103014E+00,+179.92462E-03
+7.41000E-03,-1.28082914E+00,+172.38693E-03
+7.43500E-03,-1.29841707E+00,+179.92462E-03
+7.46000E-03,-1.32103014E+00,+171.88442E-03
+7.48500E-03,-1.32103014E+00,+175.40201E-03
+7.51000E-03,-1.32103014E+00,+171.38191E-03
+7.53500E-03,-1.33861808E+00,+171.88442E-03
+7.56000E-03,-1.32103014E+00,+163.34171E-03
+7.58500E-03,-1.34113064E+00,+164.34673E-03
+7.61000E-03,-1.36123114E+00,+163.34171E-03
+7.63500E-03,-1.33861808E+00,+155.80402E-03
+7.66000E-03,-1.35871858E+00,+155.30151E-03
+7.68500E-03,-1.36123114E+00,+147.76382E-03
+7.71000E-03,-1.36123114E+00,+147.76382E-03
+7.73500E-03,-1.36123114E+00,+147.76382E-03
+7.76000E-03,-1.36123114E+00,+139.72362E-03
+7.78500E-03,-1.38133165E+00,+143.74372E-03
+7.81000E-03,-1.36123114E+00,+139.72362E-03
+7.83500E-03,-1.37881908E+00,+135.20100E-03
+7.86000E-03,-1.36123114E+00,+131.68342E-03
+7.88500E-03,-1.40143215E+00,+127.66332E-03
+7.91000E-03,-1.40143215E+00,+131.68342E-03
+7.93500E-03,-1.37881908E+00,+127.16080E-03
+7.96000E-03,-1.40143215E+00,+123.64321E-03
+7.98500E-03,-1.40143215E+00,+115.60301E-03
+8.01000E-03,-1.40143215E+00,+115.60301E-03
+8.03500E-03,-1.40143215E+00,+119.12060E-03
+8.06000E-03,-1.36374371E+00,+107.56281E-03
+8.08500E-03,-1.39640702E+00,+111.08040E-03
+8.11000E-03,-1.40143215E+00,+99.52261E-03
+8.13500E-03,-1.42153265E+00,+107.56281E-03
+8.16000E-03,-1.40143215E+00,+107.56281E-03
+8.18500E-03,-1.42153265E+00,+99.52261E-03
+8.21000E-03,-1.44163315E+00,+91.48241E-03
+8.23500E-03,-1.40143215E+00,+95.00000E-03
+8.26000E-03,-1.44163315E+00,+91.48241E-03
+8.28500E-03,-1.44163315E+00,+91.48241E-03
+8.31000E-03,-1.44163315E+00,+83.44221E-03
+8.33500E-03,-1.44163315E+00,+83.44221E-03
+8.36000E-03,-1.48183416E+00,+83.44221E-03
+8.38500E-03,-1.43660803E+00,+78.91960E-03
+8.41000E-03,-1.44163315E+00,+75.40201E-03
+8.43500E-03,-1.46173366E+00,+70.87940E-03
+8.46000E-03,-1.48183416E+00,+74.89950E-03
+8.48500E-03,-1.46173366E+00,+71.38191E-03
+8.51000E-03,-1.47932160E+00,+67.36181E-03
+8.53500E-03,-1.48183416E+00,+71.38191E-03
+8.56000E-03,-1.44414572E+00,+66.85930E-03
+8.58500E-03,-1.48183416E+00,+62.83920E-03
+8.61000E-03,-1.48183416E+00,+59.32161E-03
+8.63500E-03,-1.45922109E+00,+54.79899E-03
+8.66000E-03,-1.48183416E+00,+58.81909E-03
+8.68500E-03,-1.44163315E+00,+51.28141E-03
+8.71000E-03,-1.48183416E+00,+51.28141E-03
+8.73500E-03,-1.50193466E+00,+43.24121E-03
+8.76000E-03,-1.48183416E+00,+43.24121E-03
+8.78500E-03,-1.50193466E+00,+43.24121E-03
+8.81000E-03,-1.48183416E+00,+35.20100E-03
+8.83500E-03,-1.44163315E+00,+35.20100E-03
+8.86000E-03,-1.48183416E+00,+35.20100E-03
+8.88500E-03,-1.48183416E+00,+31.18090E-03
+8.91000E-03,-1.51952260E+00,+35.20100E-03
+8.93500E-03,-1.49942210E+00,+31.18090E-03
+8.96000E-03,-1.47932160E+00,+27.16080E-03
+8.98500E-03,-1.48434672E+00,+27.16080E-03
+9.01000E-03,-1.52203516E+00,+18.61809E-03
+9.03500E-03,-1.49942210E+00,+19.12060E-03
+9.06000E-03,-1.47932160E+00,+19.12060E-03
+9.08500E-03,-1.48183416E+00,+14.59799E-03
+9.11000E-03,-1.47932160E+00,+11.08040E-03
+9.13500E-03,-1.48183416E+00,+6.55779E-03
+9.16000E-03,-1.47932160E+00,+3.04020E-03
+9.18500E-03,-1.48183416E+00,+3.04020E-03
+9.21000E-03,-1.44163315E+00,+3.04020E-03
+9.23500E-03,-1.45922109E+00,-1.48241E-03
+9.26000E-03,-1.48183416E+00,-5.00000E-03
+9.28500E-03,-1.45922109E+00,-5.00000E-03
+9.31000E-03,-1.44163315E+00,-5.00000E-03
+9.33500E-03,-1.48183416E+00,-9.02010E-03
+9.36000E-03,-1.48183416E+00,-12.53769E-03
+9.38500E-03,-1.44163315E+00,-13.04020E-03
+9.41000E-03,-1.44163315E+00,-13.04020E-03
+9.43500E-03,-1.44163315E+00,-13.04020E-03
+9.46000E-03,-1.44163315E+00,-21.08040E-03
+9.48500E-03,-1.44163315E+00,-21.08040E-03
+9.51000E-03,-1.44163315E+00,-28.61809E-03
+9.53500E-03,-1.48183416E+00,-29.12060E-03
+9.56000E-03,-1.47932160E+00,-29.12060E-03
+9.58500E-03,-1.48183416E+00,-29.12060E-03
+9.61000E-03,-1.47932160E+00,-37.16080E-03
+9.63500E-03,-1.44163315E+00,-37.16080E-03
+9.66000E-03,-1.44163315E+00,-37.16080E-03
+9.68500E-03,-1.44163315E+00,-41.18090E-03
+9.71000E-03,-1.44163315E+00,-37.16080E-03
+9.73500E-03,-1.42153265E+00,-45.20100E-03
+9.76000E-03,-1.44163315E+00,-45.20100E-03
+9.78500E-03,-1.44163315E+00,-48.71859E-03
+9.81000E-03,-1.44163315E+00,-45.20100E-03
+9.83500E-03,-1.44163315E+00,-49.22110E-03
+9.86000E-03,-1.48183416E+00,-53.24121E-03
+9.88500E-03,-1.40143215E+00,-61.28141E-03
+9.91000E-03,-1.44163315E+00,-61.28141E-03
+9.93500E-03,-1.44163315E+00,-61.28141E-03
+9.96000E-03,-1.44163315E+00,-68.81909E-03
+9.98500E-03,-1.42153265E+00,-69.32161E-03
+10.01000E-03,-1.44163315E+00,-69.32161E-03
+10.03500E-03,-1.42153265E+00,-69.32161E-03
+10.06000E-03,-1.43912059E+00,-76.85930E-03
+10.08500E-03,-1.42153265E+00,-73.34171E-03
+10.11000E-03,-1.40143215E+00,-77.36181E-03
+10.13500E-03,-1.44163315E+00,-85.40201E-03
+10.16000E-03,-1.43912059E+00,-85.40201E-03
+10.18500E-03,-1.44163315E+00,-85.40201E-03
+10.21000E-03,-1.44163315E+00,-92.93970E-03
+10.23500E-03,-1.44163315E+00,-85.40201E-03
+10.26000E-03,-1.43660803E+00,-85.40201E-03
+10.28500E-03,-1.40143215E+00,-93.44221E-03
+10.31000E-03,-1.40143215E+00,-101.48241E-03
+10.33500E-03,-1.41902009E+00,-101.48241E-03
+10.36000E-03,-1.40143215E+00,-109.02010E-03
+10.38500E-03,-1.40143215E+00,-97.46231E-03
+10.41000E-03,-1.40143215E+00,-101.48241E-03
+10.43500E-03,-1.35620602E+00,-105.00000E-03
+10.46000E-03,-1.40143215E+00,-109.52261E-03
+10.48500E-03,-1.40143215E+00,-109.52261E-03
+10.51000E-03,-1.36123114E+00,-109.52261E-03
+10.53500E-03,-1.40143215E+00,-109.52261E-03
+10.56000E-03,-1.40143215E+00,-117.06030E-03
+10.58500E-03,-1.40143215E+00,-117.56281E-03
+10.61000E-03,-1.36123114E+00,-125.60301E-03
+10.63500E-03,-1.38133165E+00,-121.58291E-03
+10.66000E-03,-1.36123114E+00,-125.60301E-03
+10.68500E-03,-1.36123114E+00,-129.62311E-03
+10.71000E-03,-1.35871858E+00,-133.64321E-03
+10.73500E-03,-1.33861808E+00,-125.60301E-03
+10.76000E-03,-1.35871858E+00,-125.60301E-03
+10.78500E-03,-1.32103014E+00,-137.16080E-03
+10.81000E-03,-1.32354270E+00,-141.68342E-03
+10.83500E-03,-1.36123114E+00,-141.68342E-03
+10.86000E-03,-1.28334170E+00,-141.68342E-03
+10.88500E-03,-1.32103014E+00,-145.20100E-03
+10.91000E-03,-1.32103014E+00,-149.72362E-03
+10.93500E-03,-1.28082914E+00,-145.70352E-03
+10.96000E-03,-1.32103014E+00,-149.72362E-03
+10.98500E-03,-1.29841707E+00,-153.24120E-03
+11.01000E-03,-1.28082914E+00,-157.76382E-03
+11.03500E-03,-1.32103014E+00,-157.76382E-03
+11.06000E-03,-1.31851758E+00,-157.76382E-03
+11.08500E-03,-1.26072863E+00,-161.78392E-03
+11.11000E-03,-1.28082914E+00,-165.80402E-03
+11.13500E-03,-1.28082914E+00,-165.80402E-03
+11.16000E-03,-1.27831657E+00,-165.80402E-03
+11.18500E-03,-1.28082914E+00,-165.80402E-03
+11.21000E-03,-1.24062813E+00,-165.80402E-03
+11.23500E-03,-1.24062813E+00,-173.84422E-03
+11.26000E-03,-1.24062813E+00,-173.84422E-03
+11.28500E-03,-1.24062813E+00,-173.84422E-03
+11.31000E-03,-1.27831657E+00,-181.38191E-03
+11.33500E-03,-1.24062813E+00,-181.88442E-03
+11.36000E-03,-1.23811557E+00,-173.84422E-03
+11.38500E-03,-1.21801507E+00,-181.88442E-03
+11.41000E-03,-1.20042713E+00,-189.42211E-03
+11.43500E-03,-1.17781406E+00,-189.92462E-03
+11.46000E-03,-1.20042713E+00,-189.92462E-03
+11.48500E-03,-1.18032662E+00,-189.92462E-03
+11.51000E-03,-1.23811557E+00,-189.92462E-03
+11.53500E-03,-1.18032662E+00,-197.96482E-03
+11.56000E-03,-1.16022612E+00,-205.00000E-03
+11.58500E-03,-1.16022612E+00,-201.98492E-03
+11.61000E-03,-1.15771356E+00,-197.96482E-03
+11.63500E-03,-1.16022612E+00,-206.00502E-03
+11.66000E-03,-1.16022612E+00,-206.00502E-03
+11.68500E-03,-1.16022612E+00,-206.00502E-03
+11.71000E-03,-1.15771356E+00,-213.54271E-03
+11.73500E-03,-1.14012562E+00,-214.04522E-03
+11.76000E-03,-1.12002512E+00,-214.04522E-03
+11.78500E-03,-1.09992461E+00,-210.02512E-03
+11.81000E-03,-1.11751255E+00,-214.04522E-03
+11.83500E-03,-1.14012562E+00,-214.04522E-03
+11.86000E-03,-1.12002512E+00,-214.04522E-03
+11.88500E-03,-1.07982411E+00,-226.10553E-03
+11.91000E-03,-1.07982411E+00,-222.08542E-03
+11.93500E-03,-1.07982411E+00,-234.14573E-03
+11.96000E-03,-1.07982411E+00,-230.12563E-03
+11.98500E-03,-1.05972361E+00,-226.10553E-03
+12.01000E-03,-999.42210E-03,-238.16583E-03
+12.03500E-03,-1.03962311E+00,-238.16583E-03
+12.06000E-03,-1.03962311E+00,-246.20603E-03
+12.08500E-03,-1.01952261E+00,-238.16583E-03
+12.11000E-03,-1.03711054E+00,-238.16583E-03
+12.13500E-03,-1.01701004E+00,-242.18593E-03
+12.16000E-03,-999.42210E-03,-245.70351E-03
+12.18500E-03,-999.42210E-03,-246.20603E-03
+12.21000E-03,-999.42210E-03,-246.20603E-03
+12.23500E-03,-976.80904E-03,-246.20603E-03
+12.26000E-03,-959.22110E-03,-254.24623E-03
+12.28500E-03,-959.22110E-03,-254.24623E-03
+12.31000E-03,-956.70854E-03,-246.20603E-03
+12.33500E-03,-959.22110E-03,-258.26633E-03
+12.36000E-03,-956.70854E-03,-262.28643E-03
+12.38500E-03,-919.02009E-03,-262.28643E-03
+12.41000E-03,-919.02009E-03,-254.24623E-03
+12.43500E-03,-898.91959E-03,-262.28643E-03
+12.46000E-03,-919.02009E-03,-262.28643E-03
+12.48500E-03,-896.40703E-03,-270.32663E-03
+12.51000E-03,-919.02009E-03,-270.32663E-03
+12.53500E-03,-858.71859E-03,-273.84422E-03
+12.56000E-03,-913.99497E-03,-270.32663E-03
+12.58500E-03,-898.91959E-03,-278.36683E-03
+12.61000E-03,-838.61808E-03,-270.32663E-03
+12.63500E-03,-838.61808E-03,-278.86934E-03
+12.66000E-03,-838.61808E-03,-285.90452E-03
+12.68500E-03,-838.61808E-03,-278.36683E-03
+12.71000E-03,-836.10552E-03,-278.36683E-03
+12.73500E-03,-816.00502E-03,-286.40703E-03
+12.76000E-03,-798.41708E-03,-293.44221E-03
+12.78500E-03,-778.31658E-03,-286.40703E-03
+12.81000E-03,-795.90452E-03,-286.40703E-03
+12.83500E-03,-758.21608E-03,-294.44723E-03
+12.86000E-03,-758.21608E-03,-294.44723E-03
+12.88500E-03,-758.21608E-03,-302.48743E-03
+12.91000E-03,-755.70351E-03,-294.44723E-03
+12.93500E-03,-735.60301E-03,-298.46733E-03
+12.96000E-03,-718.01507E-03,-302.48743E-03
+12.98500E-03,-718.01507E-03,-302.48743E-03
+13.01000E-03,-715.50251E-03,-302.48743E-03
+13.03500E-03,-677.81407E-03,-310.52763E-03
+13.06000E-03,-677.81407E-03,-310.52763E-03
+13.08500E-03,-697.91457E-03,-310.52763E-03
+13.11000E-03,-677.81407E-03,-310.52763E-03
+13.13500E-03,-655.20100E-03,-314.04522E-03
+13.16000E-03,-637.61306E-03,-310.52763E-03
+13.18500E-03,-597.41206E-03,-314.54774E-03
+13.21000E-03,-597.41206E-03,-318.56784E-03
+13.23500E-03,-637.61306E-03,-326.60804E-03
+13.26000E-03,-597.41206E-03,-326.10552E-03
+13.28500E-03,-615.00000E-03,-326.60804E-03
+13.31000E-03,-594.89949E-03,-334.14573E-03
+13.33500E-03,-577.31155E-03,-326.60804E-03
+13.36000E-03,-557.21105E-03,-334.14573E-03
+13.38500E-03,-534.59799E-03,-326.60804E-03
+13.41000E-03,-517.01005E-03,-334.64824E-03
+13.43500E-03,-534.59799E-03,-338.66834E-03
+13.46000E-03,-517.01005E-03,-342.68844E-03
+13.48500E-03,-534.59799E-03,-338.16583E-03
+13.51000E-03,-514.49749E-03,-342.18593E-03
+13.53500E-03,-517.01005E-03,-342.68844E-03
+13.56000E-03,-476.80904E-03,-350.72864E-03
+13.58500E-03,-476.80904E-03,-342.68844E-03
+13.61000E-03,-436.60804E-03,-342.68844E-03
+13.63500E-03,-456.70854E-03,-346.70854E-03
+13.66000E-03,-474.29648E-03,-350.72864E-03
+13.68500E-03,-436.60804E-03,-354.74874E-03
+13.71000E-03,-396.40703E-03,-350.72864E-03
+13.73500E-03,-436.60804E-03,-358.76884E-03
+13.76000E-03,-393.89447E-03,-358.76884E-03
+13.78500E-03,-396.40703E-03,-358.76884E-03
+13.81000E-03,-393.89447E-03,-366.30653E-03
+13.83500E-03,-373.79397E-03,-362.28643E-03
+13.86000E-03,-356.20603E-03,-358.76884E-03
+13.88500E-03,-336.10553E-03,-366.80904E-03
+13.91000E-03,-316.00503E-03,-366.80904E-03
+13.93500E-03,-333.59296E-03,-362.28643E-03
+13.96000E-03,-313.49246E-03,-366.80904E-03
+13.98500E-03,-293.39196E-03,-374.84924E-03
+14.01000E-03,-275.80402E-03,-382.38693E-03
+14.03500E-03,-278.31658E-03,-374.84924E-03
+14.06000E-03,-275.80402E-03,-374.84924E-03
+14.08500E-03,-253.19096E-03,-374.84924E-03
+14.11000E-03,-235.60302E-03,-382.38693E-03
+14.13500E-03,-212.98995E-03,-378.86934E-03
+14.16000E-03,-155.20101E-03,-382.88944E-03
+14.18500E-03,-195.40201E-03,-382.88944E-03
+14.21000E-03,-195.40201E-03,-382.88944E-03
+14.23500E-03,-195.40201E-03,-390.92964E-03
+14.26000E-03,-155.20101E-03,-390.92964E-03
+14.28500E-03,-155.20101E-03,-390.92964E-03
+14.31000E-03,-155.20101E-03,-390.42713E-03
+14.33500E-03,-135.10050E-03,-390.92964E-03
+14.36000E-03,-115.00000E-03,-398.46733E-03
+14.38500E-03,-94.89950E-03,-398.96984E-03
+14.41000E-03,-115.00000E-03,-398.96984E-03
+14.43500E-03,-97.41206E-03,-402.48743E-03
+14.46000E-03,-74.79900E-03,-398.96984E-03
+14.48500E-03,-54.69850E-03,-407.01005E-03
+14.51000E-03,-34.59799E-03,-407.01005E-03
+14.53500E-03,-14.49749E-03,-398.96984E-03
+14.56000E-03,-34.59799E-03,-414.54773E-03
+14.58500E-03,+5.60301E-03,-415.05025E-03
+14.61000E-03,-34.59799E-03,-415.05025E-03
+14.63500E-03,+25.70351E-03,-415.05025E-03
+14.66000E-03,+45.80402E-03,-415.05025E-03
+14.68500E-03,+65.90452E-03,-415.05025E-03
+14.71000E-03,+83.49246E-03,-422.58794E-03
+14.73500E-03,+65.90452E-03,-418.56783E-03
+14.76000E-03,+86.00502E-03,-423.09045E-03
+14.78500E-03,+106.10552E-03,-423.59296E-03
+14.81000E-03,+86.00502E-03,-423.09045E-03
+14.83500E-03,+126.20603E-03,-426.60804E-03
+14.86000E-03,+126.20603E-03,-430.62814E-03
+14.88500E-03,+143.79396E-03,-426.60804E-03
+14.91000E-03,+88.51758E-03,-431.13065E-03
+14.93500E-03,+166.40703E-03,-431.13065E-03
+14.96000E-03,+166.40703E-03,-438.16582E-03
+14.98500E-03,+186.50753E-03,-435.15075E-03
+15.01000E-03,+246.80904E-03,-439.17085E-03
+15.03500E-03,+206.60803E-03,-431.13065E-03
+15.06000E-03,+246.80904E-03,-439.17085E-03
+15.08500E-03,+266.90954E-03,-447.21105E-03
+15.11000E-03,+287.01004E-03,-447.21105E-03
+15.13500E-03,+266.90954E-03,-447.21105E-03
+15.16000E-03,+324.69849E-03,-447.21105E-03
+15.18500E-03,+281.98492E-03,-447.21105E-03
+15.21000E-03,+287.01004E-03,-447.21105E-03
+15.23500E-03,+347.31155E-03,-447.21105E-03
+15.26000E-03,+327.21105E-03,-447.21105E-03
+15.28500E-03,+362.38693E-03,-443.19095E-03
+15.31000E-03,+367.41205E-03,-438.66834E-03
+15.33500E-03,+367.41205E-03,-431.13065E-03
+15.36000E-03,+407.61306E-03,-439.17085E-03
+15.38500E-03,+427.71356E-03,-434.64824E-03
+15.41000E-03,+445.30150E-03,-423.09045E-03
+15.43500E-03,+425.20100E-03,-423.09045E-03
+15.46000E-03,+447.81406E-03,-415.05025E-03
+15.48500E-03,+447.81406E-03,-419.07035E-03
+15.51000E-03,+485.50250E-03,-407.01005E-03
+15.53500E-03,+467.91456E-03,-410.52763E-03
+15.56000E-03,+488.01507E-03,-407.01005E-03
+15.58500E-03,+505.60301E-03,-398.96984E-03
+15.61000E-03,+528.21607E-03,-406.50753E-03
+15.63500E-03,+528.21607E-03,-398.96984E-03
+15.66000E-03,+568.41708E-03,-390.92964E-03
+15.68500E-03,+548.31657E-03,-390.92964E-03
+15.71000E-03,+568.41708E-03,-390.92964E-03
+15.73500E-03,+588.51758E-03,-382.88944E-03
+15.76000E-03,+606.10552E-03,-382.88944E-03
+15.78500E-03,+608.61808E-03,-382.88944E-03
+15.81000E-03,+608.61808E-03,-382.88944E-03
+15.83500E-03,+628.71858E-03,-374.84924E-03
+15.86000E-03,+648.81909E-03,-366.80904E-03
+15.88500E-03,+648.81909E-03,-366.80904E-03
+15.91000E-03,+648.81909E-03,-358.76884E-03
+15.93500E-03,+668.91959E-03,-358.76884E-03
+15.96000E-03,+689.02009E-03,-358.26633E-03
+15.98500E-03,+729.22109E-03,-358.76884E-03
+16.01000E-03,+689.02009E-03,-350.72864E-03
+16.03500E-03,+706.60803E-03,-350.72864E-03
+16.06000E-03,+729.22109E-03,-350.22613E-03
+16.08500E-03,+769.42210E-03,-342.68844E-03
+16.11000E-03,+729.22109E-03,-342.68844E-03
+16.13500E-03,+746.80903E-03,-338.16583E-03
+16.16000E-03,+769.42210E-03,-334.64824E-03
+16.18500E-03,+809.62310E-03,-326.60804E-03
+16.21000E-03,+769.42210E-03,-326.60804E-03
+16.23500E-03,+804.59798E-03,-326.60804E-03
+16.26000E-03,+847.31155E-03,-326.60804E-03
+16.28500E-03,+829.72361E-03,-318.56784E-03
+16.31000E-03,+849.82411E-03,-326.10552E-03
+16.33500E-03,+849.82411E-03,-318.56784E-03
+16.36000E-03,+849.82411E-03,-310.52763E-03
+16.38500E-03,+852.33667E-03,-306.50753E-03
+16.41000E-03,+849.82411E-03,-310.02512E-03
+16.43500E-03,+849.82411E-03,-306.50753E-03
+16.46000E-03,+887.51255E-03,-302.48743E-03
+16.48500E-03,+890.02511E-03,-302.98995E-03
+16.51000E-03,+890.02511E-03,-294.44723E-03
+16.53500E-03,+930.22612E-03,-294.44723E-03
+16.56000E-03,+930.22612E-03,-286.40703E-03
+16.58500E-03,+910.12562E-03,-290.42713E-03
+16.61000E-03,+930.22612E-03,-278.36683E-03
+16.63500E-03,+930.22612E-03,-278.36683E-03
+16.66000E-03,+892.53768E-03,-278.36683E-03
+16.68500E-03,+930.22612E-03,-278.36683E-03
+16.71000E-03,+1.01062813E+00,-270.32663E-03
+16.73500E-03,+990.52762E-03,-266.30653E-03
+16.76000E-03,+1.00811556E+00,-277.36181E-03
+16.78500E-03,+970.42712E-03,-262.28643E-03
+16.81000E-03,+1.00811556E+00,-262.28643E-03
+16.83500E-03,+1.01062813E+00,-257.76382E-03
+16.86000E-03,+1.01062813E+00,-254.24623E-03
+16.88500E-03,+1.02821607E+00,-254.24623E-03
+16.91000E-03,+1.05082913E+00,-254.24623E-03
+16.93500E-03,+1.01062813E+00,-249.72362E-03
+16.96000E-03,+1.05082913E+00,-246.20603E-03
+16.98500E-03,+1.05082913E+00,-242.18593E-03
+17.01000E-03,+1.05082913E+00,-245.70351E-03
+17.03500E-03,+1.07092963E+00,-238.16583E-03
+17.06000E-03,+1.05082913E+00,-230.12563E-03
+17.08500E-03,+1.09103014E+00,-230.12563E-03
+17.11000E-03,+1.12871858E+00,-229.12060E-03
+17.13500E-03,+1.10861808E+00,-222.08542E-03
+17.16000E-03,+1.09103014E+00,-222.08542E-03
+17.18500E-03,+1.11113064E+00,-217.56281E-03
+17.21000E-03,+1.13123114E+00,-214.04522E-03
+17.23500E-03,+1.11113064E+00,-218.06532E-03
+17.26000E-03,+1.13123114E+00,-206.00502E-03
+17.28500E-03,+1.15133164E+00,-214.04522E-03
+17.31000E-03,+1.13123114E+00,-206.00502E-03
+17.33500E-03,+1.13123114E+00,-201.48241E-03
+17.36000E-03,+1.13123114E+00,-197.96482E-03
+17.38500E-03,+1.13123114E+00,-197.96482E-03
+17.41000E-03,+1.17143214E+00,-189.92462E-03
+17.43500E-03,+1.17143214E+00,-189.92462E-03
+17.46000E-03,+1.17143214E+00,-189.92462E-03
+17.48500E-03,+1.19153265E+00,-181.88442E-03
+17.51000E-03,+1.17143214E+00,-181.88442E-03
+17.53500E-03,+1.21163315E+00,-185.40201E-03
+17.56000E-03,+1.20912059E+00,-173.84422E-03
+17.58500E-03,+1.21163315E+00,-173.84422E-03
+17.61000E-03,+1.21163315E+00,-173.84422E-03
+17.63500E-03,+1.21163315E+00,-165.80402E-03
+17.66000E-03,+1.17143214E+00,-173.34171E-03
+17.68500E-03,+1.21163315E+00,-169.32161E-03
+17.71000E-03,+1.24932159E+00,-165.80402E-03
+17.73500E-03,+1.22922109E+00,-161.78392E-03
+17.76000E-03,+1.21163315E+00,-157.76382E-03
+17.78500E-03,+1.23173365E+00,-157.76382E-03
+17.81000E-03,+1.25183415E+00,-157.76382E-03
+17.83500E-03,+1.25183415E+00,-149.72362E-03
+17.86000E-03,+1.25183415E+00,-149.72362E-03
+17.88500E-03,+1.25183415E+00,-149.72362E-03
+17.91000E-03,+1.25183415E+00,-141.68342E-03
+17.93500E-03,+1.27193466E+00,-140.67839E-03
+17.96000E-03,+1.25183415E+00,-141.68342E-03
+17.98500E-03,+1.29203516E+00,-129.62311E-03
+18.01000E-03,+1.25183415E+00,-133.14070E-03
+18.03500E-03,+1.29454772E+00,-133.64321E-03
+18.06000E-03,+1.29203516E+00,-125.60301E-03
+18.08500E-03,+1.29203516E+00,-121.08040E-03
+18.11000E-03,+1.25434672E+00,-117.56281E-03
+18.13500E-03,+1.30962310E+00,-117.56281E-03
+18.16000E-03,+1.29203516E+00,-125.60301E-03
+18.18500E-03,+1.29203516E+00,-113.54271E-03
+18.21000E-03,+1.36741204E+00,-109.52261E-03
+18.23500E-03,+1.30962310E+00,-109.52261E-03
+18.26000E-03,+1.33223616E+00,-109.52261E-03
+18.28500E-03,+1.30962310E+00,-101.48241E-03
+18.31000E-03,+1.33223616E+00,-101.48241E-03
+18.33500E-03,+1.31213566E+00,-105.00000E-03
+18.36000E-03,+1.33223616E+00,-93.44221E-03
+18.38500E-03,+1.33223616E+00,-93.44221E-03
+18.41000E-03,+1.33223616E+00,-85.40201E-03
+18.43500E-03,+1.33223616E+00,-93.44221E-03
+18.46000E-03,+1.33223616E+00,-85.40201E-03
+18.48500E-03,+1.33223616E+00,-85.40201E-03
+18.51000E-03,+1.33223616E+00,-85.40201E-03
+18.53500E-03,+1.34982410E+00,-85.40201E-03
+18.56000E-03,+1.33223616E+00,-77.36181E-03
+18.58500E-03,+1.35233667E+00,-69.32161E-03
+18.61000E-03,+1.36992461E+00,-69.32161E-03
+18.63500E-03,+1.35233667E+00,-69.32161E-03
+18.66000E-03,+1.33223616E+00,-76.85930E-03
+18.68500E-03,+1.35233667E+00,-69.32161E-03
+18.71000E-03,+1.33223616E+00,-61.28141E-03
+18.73500E-03,+1.35233667E+00,-61.28141E-03
+18.76000E-03,+1.37243717E+00,-61.28141E-03
+18.78500E-03,+1.33474873E+00,-56.75879E-03
+18.81000E-03,+1.37243717E+00,-53.24121E-03
+18.83500E-03,+1.37494973E+00,-56.75879E-03
+18.86000E-03,+1.37243717E+00,-45.20100E-03
+18.88500E-03,+1.37243717E+00,-48.71859E-03
+18.91000E-03,+1.37243717E+00,-45.20100E-03
+18.93500E-03,+1.37243717E+00,-45.20100E-03
+18.96000E-03,+1.41012561E+00,-44.69849E-03
+18.98500E-03,+1.37243717E+00,-37.16080E-03
+19.01000E-03,+1.33223616E+00,-36.65829E-03
+19.03500E-03,+1.39253767E+00,-29.12060E-03
+19.06000E-03,+1.37243717E+00,-29.12060E-03
+19.08500E-03,+1.37243717E+00,-32.63819E-03
+19.11000E-03,+1.37243717E+00,-21.08040E-03
+19.13500E-03,+1.41263817E+00,-29.12060E-03
+19.16000E-03,+1.36992461E+00,-20.57789E-03
+19.18500E-03,+1.39253767E+00,-13.04020E-03
+19.21000E-03,+1.41263817E+00,-20.57789E-03
+19.23500E-03,+1.39002511E+00,-9.02010E-03
+19.26000E-03,+1.41263817E+00,-13.04020E-03
+19.28500E-03,+1.39253767E+00,-9.02010E-03
+19.31000E-03,+1.37243717E+00,-5.00000E-03
+19.33500E-03,+1.39002511E+00,-5.00000E-03
+19.36000E-03,+1.41263817E+00,-5.00000E-03
+19.38500E-03,+1.35233667E+00,+3.04020E-03
+19.41000E-03,+1.37243717E+00,+3.04020E-03
+19.43500E-03,+1.39002511E+00,+3.04020E-03
+19.46000E-03,+1.37243717E+00,+10.57789E-03
+19.48500E-03,+1.37243717E+00,+11.08040E-03
+19.51000E-03,+1.41012561E+00,+11.08040E-03
+19.53500E-03,+1.37243717E+00,+14.59799E-03
+19.56000E-03,+1.37243717E+00,+11.08040E-03
+19.58500E-03,+1.37243717E+00,+15.10050E-03
+19.61000E-03,+1.41012561E+00,+19.12060E-03
+19.63500E-03,+1.37243717E+00,+19.62312E-03
+19.66000E-03,+1.37243717E+00,+26.65829E-03
+19.68500E-03,+1.37243717E+00,+27.16080E-03
+19.71000E-03,+1.37243717E+00,+26.65829E-03
+19.73500E-03,+1.37243717E+00,+35.20100E-03
+19.76000E-03,+1.33223616E+00,+27.16080E-03
+19.78500E-03,+1.37494973E+00,+38.71859E-03
+19.81000E-03,+1.41012561E+00,+35.20100E-03
+19.83500E-03,+1.39253767E+00,+39.22111E-03
+19.86000E-03,+1.37243717E+00,+43.24121E-03
+19.88500E-03,+1.37243717E+00,+47.26131E-03
+19.91000E-03,+1.33474873E+00,+51.28141E-03
+19.93500E-03,+1.37243717E+00,+47.26131E-03
+19.96000E-03,+1.37243717E+00,+51.28141E-03
+19.98500E-03,+1.35233667E+00,+55.30151E-03
+20.01000E-03,+1.33223616E+00,+51.28141E-03
+20.03500E-03,+1.35233667E+00,+59.32161E-03
+20.06000E-03,+1.36992461E+00,+59.32161E-03
+20.08500E-03,+1.37243717E+00,+59.32161E-03
+20.11000E-03,+1.33223616E+00,+66.85930E-03
+20.13500E-03,+1.35233667E+00,+67.36181E-03
+20.16000E-03,+1.37243717E+00,+67.36181E-03
+20.18500E-03,+1.35233667E+00,+67.36181E-03
+20.21000E-03,+1.37243717E+00,+74.89950E-03
+20.23500E-03,+1.33223616E+00,+75.40201E-03
+20.26000E-03,+1.33223616E+00,+75.40201E-03
+20.28500E-03,+1.33223616E+00,+79.42211E-03
+20.31000E-03,+1.36992461E+00,+83.44221E-03
+20.33500E-03,+1.34982410E+00,+83.44221E-03
+20.36000E-03,+1.32972360E+00,+90.97990E-03
+20.38500E-03,+1.33223616E+00,+87.46231E-03
+20.41000E-03,+1.29203516E+00,+90.97990E-03
+20.43500E-03,+1.30962310E+00,+91.48241E-03
+20.46000E-03,+1.29203516E+00,+91.48241E-03
+20.48500E-03,+1.33223616E+00,+99.52261E-03
+20.51000E-03,+1.36741204E+00,+99.52261E-03
+20.53500E-03,+1.30962310E+00,+99.52261E-03
+20.56000E-03,+1.29203516E+00,+107.06030E-03
+20.58500E-03,+1.30962310E+00,+103.04020E-03
+20.61000E-03,+1.33223616E+00,+115.10050E-03
+20.63500E-03,+1.33223616E+00,+107.56281E-03
+20.66000E-03,+1.29203516E+00,+107.56281E-03
+20.68500E-03,+1.25183415E+00,+111.58291E-03
+20.71000E-03,+1.29203516E+00,+115.60301E-03
+20.73500E-03,+1.25183415E+00,+119.62311E-03
+20.76000E-03,+1.28952260E+00,+115.60301E-03
+20.78500E-03,+1.27193466E+00,+123.64321E-03
+20.81000E-03,+1.25183415E+00,+123.64321E-03
+20.83500E-03,+1.29203516E+00,+127.16080E-03
+20.86000E-03,+1.25183415E+00,+131.68342E-03
+20.88500E-03,+1.25183415E+00,+135.70352E-03
+20.91000E-03,+1.25183415E+00,+131.68342E-03
+20.93500E-03,+1.25183415E+00,+131.68342E-03
+20.96000E-03,+1.25183415E+00,+131.68342E-03
+20.98500E-03,+1.25183415E+00,+139.72362E-03
+21.01000E-03,+1.25183415E+00,+139.72362E-03
+21.03500E-03,+1.23173365E+00,+147.76382E-03
+21.06000E-03,+1.21163315E+00,+147.26131E-03
+21.08500E-03,+1.23173365E+00,+147.76382E-03
+21.11000E-03,+1.21163315E+00,+147.26131E-03
+21.13500E-03,+1.21163315E+00,+151.78392E-03
+21.16000E-03,+1.21163315E+00,+155.30151E-03
+21.18500E-03,+1.19153265E+00,+151.28141E-03
+21.21000E-03,+1.17394471E+00,+155.80402E-03
+21.23500E-03,+1.21163315E+00,+159.32161E-03
+21.26000E-03,+1.17143214E+00,+163.84422E-03
+21.28500E-03,+1.18902008E+00,+159.82412E-03
+21.31000E-03,+1.17143214E+00,+171.88442E-03
+21.33500E-03,+1.18902008E+00,+163.84422E-03
+21.36000E-03,+1.17143214E+00,+163.84422E-03
+21.38500E-03,+1.17143214E+00,+175.90452E-03
+21.41000E-03,+1.17143214E+00,+171.88442E-03
+21.43500E-03,+1.18902008E+00,+175.40201E-03
+21.46000E-03,+1.16891958E+00,+171.88442E-03
+21.48500E-03,+1.14881908E+00,+175.40201E-03
+21.51000E-03,+1.16891958E+00,+179.92462E-03
+21.53500E-03,+1.15133164E+00,+187.96482E-03
+21.56000E-03,+1.13123114E+00,+187.96482E-03
+21.58500E-03,+1.14881908E+00,+187.96482E-03
+21.61000E-03,+1.09103014E+00,+187.96482E-03
+21.63500E-03,+1.09103014E+00,+191.98492E-03
+21.66000E-03,+1.12871858E+00,+196.00502E-03
+21.68500E-03,+1.13123114E+00,+196.00502E-03
+21.71000E-03,+1.09103014E+00,+195.50251E-03
+21.73500E-03,+1.09103014E+00,+204.04522E-03
+21.76000E-03,+1.12620601E+00,+204.04522E-03
+21.78500E-03,+1.09103014E+00,+204.04522E-03
+21.81000E-03,+1.08851757E+00,+196.00502E-03
+21.83500E-03,+1.05082913E+00,+204.04522E-03
+21.86000E-03,+1.05082913E+00,+219.62311E-03
+21.88500E-03,+1.03072863E+00,+212.08542E-03
+21.91000E-03,+1.05082913E+00,+219.62311E-03
+21.93500E-03,+1.05082913E+00,+215.60301E-03
+21.96000E-03,+1.05082913E+00,+227.66331E-03
+21.98500E-03,+1.01062813E+00,+228.16583E-03
+22.01000E-03,+1.00811556E+00,+220.12563E-03
+22.03500E-03,+1.01062813E+00,+223.64321E-03
+22.06000E-03,+1.01062813E+00,+228.16583E-03
+22.08500E-03,+1.01062813E+00,+228.16583E-03
+22.11000E-03,+970.42712E-03,+235.70352E-03
+22.13500E-03,+990.52762E-03,+236.20603E-03
+22.16000E-03,+970.42712E-03,+236.20603E-03
+22.18500E-03,+990.52762E-03,+231.68341E-03
+22.21000E-03,+1.00811556E+00,+236.20603E-03
+22.23500E-03,+947.81406E-03,+236.20603E-03
+22.26000E-03,+930.22612E-03,+244.24623E-03
+22.28500E-03,+930.22612E-03,+240.22613E-03
+22.31000E-03,+930.22612E-03,+244.24623E-03
+22.33500E-03,+910.12562E-03,+244.24623E-03
+22.36000E-03,+927.71355E-03,+251.78392E-03
+22.38500E-03,+907.61305E-03,+252.78894E-03
+22.41000E-03,+930.22612E-03,+252.28643E-03
+22.43500E-03,+890.02511E-03,+256.30653E-03
+22.46000E-03,+890.02511E-03,+259.82412E-03
+22.48500E-03,+867.41205E-03,+255.80402E-03
+22.51000E-03,+849.82411E-03,+260.32663E-03
+22.53500E-03,+849.82411E-03,+255.80402E-03
+22.56000E-03,+849.82411E-03,+260.32663E-03
+22.58500E-03,+849.82411E-03,+263.84422E-03
+22.61000E-03,+809.62310E-03,+268.36683E-03
+22.63500E-03,+849.82411E-03,+272.38693E-03
+22.66000E-03,+849.82411E-03,+276.40703E-03
+22.68500E-03,+809.62310E-03,+272.38693E-03
+22.71000E-03,+809.62310E-03,+275.90452E-03
+22.73500E-03,+827.21104E-03,+280.42713E-03
+22.76000E-03,+769.42210E-03,+284.44723E-03
+22.78500E-03,+769.42210E-03,+279.92462E-03
+22.81000E-03,+769.42210E-03,+276.40703E-03
+22.83500E-03,+769.42210E-03,+284.44723E-03
+22.86000E-03,+769.42210E-03,+284.44723E-03
+22.88500E-03,+749.32160E-03,+287.96482E-03
+22.91000E-03,+729.22109E-03,+292.48743E-03
+22.93500E-03,+706.60803E-03,+292.48743E-03
+22.96000E-03,+689.02009E-03,+291.98492E-03
+22.98500E-03,+706.60803E-03,+287.96482E-03
+23.01000E-03,+726.70853E-03,+292.48743E-03
+23.03500E-03,+709.12059E-03,+299.52261E-03
+23.06000E-03,+689.02009E-03,+300.52764E-03
+23.08500E-03,+666.40702E-03,+301.03015E-03
+23.11000E-03,+686.50753E-03,+300.52764E-03
+23.13500E-03,+668.91959E-03,+300.52764E-03
+23.16000E-03,+648.81909E-03,+308.56784E-03
+23.18500E-03,+648.81909E-03,+312.08542E-03
+23.21000E-03,+648.81909E-03,+308.56784E-03
+23.23500E-03,+608.61808E-03,+312.08542E-03
+23.26000E-03,+606.10552E-03,+316.10552E-03
+23.28500E-03,+608.61808E-03,+312.08542E-03
+23.31000E-03,+568.41708E-03,+316.60804E-03
+23.33500E-03,+568.41708E-03,+316.60804E-03
+23.36000E-03,+568.41708E-03,+324.14573E-03
+23.38500E-03,+568.41708E-03,+316.60804E-03
+23.41000E-03,+528.21607E-03,+324.14573E-03
+23.43500E-03,+568.41708E-03,+324.64824E-03
+23.46000E-03,+528.21607E-03,+324.64824E-03
+23.48500E-03,+488.01507E-03,+328.16583E-03
+23.51000E-03,+528.21607E-03,+332.18593E-03
+23.53500E-03,+505.60301E-03,+332.68844E-03
+23.56000E-03,+523.19095E-03,+332.68844E-03
+23.58500E-03,+467.91456E-03,+336.20603E-03
+23.61000E-03,+485.50250E-03,+340.72864E-03
+23.63500E-03,+447.81406E-03,+344.74874E-03
+23.66000E-03,+485.50250E-03,+340.72864E-03
+23.68500E-03,+427.71356E-03,+340.72864E-03
+23.71000E-03,+407.61306E-03,+340.72864E-03
+23.73500E-03,+427.71356E-03,+344.24623E-03
+23.76000E-03,+407.61306E-03,+348.76884E-03
+23.78500E-03,+367.41205E-03,+348.76884E-03
+23.81000E-03,+407.61306E-03,+356.30653E-03
+23.83500E-03,+402.58793E-03,+356.80904E-03
+23.86000E-03,+367.41205E-03,+356.80904E-03
+23.88500E-03,+367.41205E-03,+356.80904E-03
+23.91000E-03,+327.21105E-03,+356.80904E-03
+23.93500E-03,+327.21105E-03,+360.82914E-03
+23.96000E-03,+327.21105E-03,+356.80904E-03
+23.98500E-03,+347.31155E-03,+364.84924E-03
+24.01000E-03,+287.01004E-03,+364.84924E-03
+24.03500E-03,+304.59798E-03,+368.86934E-03
+24.06000E-03,+284.49748E-03,+364.84924E-03
+24.08500E-03,+264.39698E-03,+368.86934E-03
+24.11000E-03,+246.80904E-03,+372.88944E-03
+24.13500E-03,+246.80904E-03,+376.40703E-03
+24.16000E-03,+206.60803E-03,+372.88944E-03
+24.18500E-03,+249.32160E-03,+372.88944E-03
+24.21000E-03,+206.60803E-03,+380.92964E-03
+24.23500E-03,+206.60803E-03,+380.92964E-03
+24.26000E-03,+206.60803E-03,+380.92964E-03
+24.28500E-03,+166.40703E-03,+388.96985E-03
+24.31000E-03,+166.40703E-03,+380.92964E-03
+24.33500E-03,+143.79396E-03,+384.94974E-03
+24.36000E-03,+126.20603E-03,+388.96985E-03
+24.38500E-03,+143.79396E-03,+388.96985E-03
+24.41000E-03,+126.20603E-03,+381.43216E-03
+24.43500E-03,+106.10552E-03,+392.98995E-03
+24.46000E-03,+86.00502E-03,+388.96985E-03
+24.48500E-03,+86.00502E-03,+392.48743E-03
+24.51000E-03,+83.49246E-03,+388.96985E-03
+24.53500E-03,+45.80402E-03,+397.01005E-03
+24.56000E-03,+5.60301E-03,+405.05025E-03
+24.58500E-03,+23.19095E-03,+405.05025E-03
+24.61000E-03,+43.29145E-03,+397.01005E-03
+24.63500E-03,+23.19095E-03,+405.05025E-03
+24.66000E-03,+5.60301E-03,+405.05025E-03
+24.68500E-03,+5.60301E-03,+409.07035E-03
+24.71000E-03,-34.59799E-03,+413.09045E-03
+24.73500E-03,-57.21106E-03,+412.08542E-03
+24.76000E-03,-34.59799E-03,+413.09045E-03
+24.78500E-03,-54.69850E-03,+421.13065E-03
+24.81000E-03,-74.79900E-03,+421.13065E-03
+24.83500E-03,-94.89950E-03,+420.12562E-03
+24.86000E-03,-115.00000E-03,+420.62814E-03
+24.88500E-03,-115.00000E-03,+425.15075E-03
+24.91000E-03,-115.00000E-03,+421.13065E-03
+24.93500E-03,,
